,logR,logI,logS,d_G,p,sigma
labels,$\ln\mathcal{R}$,$\log\mathcal{I}$,$\ln\mathcal{S}$,$d_\mathrm{G}$,$p$,$\sigma$
samples,,,,,,
0,5.366216435835659,4.476816154394115,0.8894002814415671,1.8119429574485761,0.9749174739428902,0.03144146406417888
1,5.162862898738458,4.175078310780986,0.9877845879574352,1.8361671147964604,1.0,-0.0
2,5.242031152074324,4.32134775820961,0.9206833938646923,1.7471171847706182,1.0,-0.0
3,4.81750809936465,3.88982277523037,0.9276853241342451,1.6864818426218045,1.0,-0.0
4,5.166801488308002,4.271147483355946,0.8956540049520072,1.6482276661714694,1.0,-0.0
5,5.2949542319864715,4.347567373662926,0.9473868583235117,1.9753116297515145,0.9587165948449783,0.05176418331492393
6,5.201614399690234,4.2551000672612265,0.9465143324289329,1.7963333854909318,1.0,-0.0
7,5.227318098391825,4.3373152738220355,0.8900028245697058,1.56950292877967,1.0,-0.0
8,5.469100740525041,4.56080890620793,0.9082918343170832,1.6955774223117213,1.0,-0.0
9,5.267089458062847,4.345114784482311,0.9219746735805074,1.789726041200736,1.0,-0.0
10,5.328707282058408,4.366433421481146,0.9622738605772838,1.913324668917284,1.0,-0.0
11,4.986376639238179,4.031898470977088,0.9544781682610619,1.8008701759994818,1.0,-0.0
12,5.2508918505503654,4.285849287787443,0.9650425627629602,1.7799825629848796,1.0,-0.0
13,5.172368801032908,4.258831076075541,0.9135377249574503,1.6863511465156384,1.0,-0.0
14,5.304487270062159,4.40243198825414,0.902055281807975,1.8795979826507887,0.953746532449558,0.05800263146775839
15,5.225790144837438,4.29224132640357,0.9335488184339056,1.6920352070711626,1.0,-0.0
16,5.417875116654718,4.477299074966176,0.9405760416884732,1.8101063825640136,1.0,-0.0
17,5.041658415173961,4.124326584625136,0.9173318305487328,1.6821770009731152,1.0,-0.0
18,5.164305664121562,4.244331430604131,0.9199742335174506,1.7345795667901038,1.0,-0.0
19,5.122283821240094,4.2492322598843835,0.8730515613557372,1.7243730800496215,1.0,-0.0
20,5.063676421919572,4.143837567134943,0.9198388547847571,1.8647576316969006,0.9827799923731202,0.021583754715500357
21,5.353272770060462,4.421833865677957,0.9314389043825031,1.8857772465886256,0.9849591284625069,0.018852053545688727
22,5.171955994056466,4.327935508583549,0.8440204854729245,1.55153796428568,1.0,-0.0
23,5.266343982168328,4.332631441816632,0.9337125403517348,1.8139615265117883,1.0,-0.0
24,5.2397933230564515,4.321246844364865,0.9185464786917237,1.7636294668459156,1.0,-0.0
25,5.222896048552789,4.316744376080209,0.9061516724725607,1.8083823562555912,1.0,-0.0
26,5.154061169663114,4.254562883794128,0.8994982858689582,1.6738555663790184,1.0,-0.0
27,5.135445217933343,4.229381004341834,0.906064213591435,1.786608413678222,1.0,-0.0
28,5.196009350658292,4.288246579144552,0.9077627715137169,1.6449337184150923,1.0,-0.0
29,5.251654606851266,4.3232065752352025,0.9284480316160852,1.771050708294573,1.0,-0.0
30,5.152056297033132,4.246694199774954,0.9053620972581484,1.6026811513987829,1.0,-0.0
31,5.259649365681062,4.33342981595057,0.9262195497304901,1.8341166593791174,1.0,-0.0
32,5.3306298051043,4.362889910062361,0.9677398950419729,1.841336394860659,1.0,-0.0
33,5.190249424804838,4.264649811191516,0.9255996136133717,1.6742010658357556,1.0,-0.0
34,5.295625600341841,4.371376246676247,0.9242493536656866,1.758372936952961,1.0,-0.0
35,5.153113968410471,4.255257394042337,0.8978565743681202,1.7761037146287073,1.0,-0.0
36,5.3882445490703414,4.499242594008239,0.8890019550622128,1.9115547531315698,0.9258095217068552,0.09311837250147018
37,5.103714532285826,4.1240067361084005,0.9797077961774221,1.8570174239368433,1.0,-0.0
38,5.127663863808257,4.215480861062211,0.9121830027461328,1.868746745392563,0.971060402525836,0.03627836284929469
39,5.439689789562399,4.451426613099304,0.9882631764630787,1.9726280781784706,1.0,-0.0
40,4.966616566753251,4.087601229136903,0.879015337616238,1.598237613799426,1.0,-0.0
41,5.13049302862793,4.227687001030301,0.9028060275975349,1.6099062925067877,1.0,-0.0
42,5.253362158379096,4.372403829819948,0.8809583285592453,1.6136259777977697,1.0,-0.0
43,5.075416634139733,4.124845695608265,0.9505709385314276,1.7324900325254298,1.0,-0.0
44,5.475892539083466,4.504974631805572,0.9709179072779079,1.8670120409119728,1.0,-0.0
45,5.074445094679154,4.1845320340064,0.8899130606727113,1.6100683673931662,1.0,-0.0
46,5.282941451315642,4.33919741446163,0.9437440368540138,1.8375230084124672,1.0,-0.0
47,5.205216705572175,4.1918545798865665,1.0133621256856031,1.8615914229968706,1.0,-0.0
48,5.1144579937743995,4.242226658721048,0.8722313350533568,1.5785716103542908,1.0,-0.0
49,5.1981961104101995,4.337361536687425,0.8608345737228547,1.7008035122454297,1.0,-0.0
50,5.027205871927086,4.090167535053023,0.9370383368740249,1.777594725039918,1.0,-0.0
51,5.2762551148271,4.321816042205102,0.9544390726219945,1.9486071301433463,0.9780119932578155,0.027561368706504687
52,5.309764541740369,4.348484977936353,0.9612795638040552,1.8919455105947125,1.0,-0.0
53,4.891201714430045,4.020313015288302,0.8708886991418012,1.596812953148743,1.0,-0.0
54,5.3150673731924964,4.4466364022308245,0.86843097096164,1.6936144447432362,1.0,-0.0
55,5.447232841976975,4.490984310641368,0.9562485313355182,1.7752753678540496,1.0,-0.0
56,5.33947988373267,4.425731181502552,0.9137487022300093,1.7680798289981734,1.0,-0.0
57,4.977733077561984,4.117023040387849,0.8607100371741581,1.5882963785438862,1.0,-0.0
58,5.203919820502838,4.2904731745857045,0.9134466459170199,1.629378329275574,1.0,-0.0
59,5.2199839299527095,4.279942611927829,0.9400413180248961,1.793985249351497,1.0,-0.0
60,5.081921409398197,4.199438891429908,0.8824825179683558,1.6960548715143466,1.0,-0.0
61,5.241692827930583,4.3230178779887325,0.9186749499418738,1.8484056029426426,0.9915741936090741,0.010560378549790797
62,5.349036968395913,4.404140531558209,0.9448964368377801,1.9860420138624244,0.9518644767159801,0.060365573858556926
63,5.325859644201719,4.421339674596384,0.9045199696053032,1.7281171433183657,1.0,-0.0
64,5.067857206437784,4.114558605277795,0.9532986011600997,1.694661413107462,1.0,-0.0
65,5.613610041536949,4.682840394163888,0.9307696473731539,1.9317752683215814,0.9607559804467469,0.049204932520987184
66,5.170574825790814,4.281393461579997,0.8891813642109128,1.7450132171098933,1.0,-0.0
67,5.178985724334202,4.322407576621973,0.8565781477122982,1.4779195679970005,1.0,-0.0
68,5.012973715732292,4.166124041291143,0.8468496744411596,1.5921524779671894,1.0,-0.0
69,5.245536738976389,4.303789948927545,0.9417467900487964,1.8369366988113311,1.0,-0.0
70,4.932642274307218,4.0805356569774,0.8521066173298095,1.6083493557162543,1.0,-0.0
71,5.2962520552703065,4.348947955051274,0.9473041002190712,1.8311790360224345,1.0,-0.0
72,5.0583111360681325,4.131495119395408,0.9268160166727739,1.69823700245531,1.0,-0.0
73,5.1692773801605565,4.234854986325741,0.9344223938347795,1.6588517720932572,1.0,-0.0
74,5.1749981599986,4.253374026576017,0.921624133422597,1.7498461834673362,1.0,-0.0
75,5.020770361629152,4.014450356766014,1.0063200048631415,1.8380560221579407,1.0,-0.0
76,5.118204010764307,4.218514956553969,0.8996890542102847,1.6485827665883663,1.0,-0.0
77,5.225948803868723,4.279135004411408,0.9468137994572317,1.646916419186499,1.0,-0.0
78,5.353996488763292,4.401073889570837,0.9529225991924477,1.86939624195948,1.0,-0.0
79,5.08353109306619,4.188700839363891,0.8948302537022528,1.7611419465666969,1.0,-0.0
80,5.259399860514568,4.278452933065445,0.9809469274491676,1.9129875659311808,1.0,-0.0
81,5.182746152442396,4.241226863517788,0.94151928892461,1.70923802000424,1.0,-0.0
82,5.148968299773847,4.266354691667839,0.8826136081061122,1.4907058469155072,1.0,-0.0
83,4.965401543055455,4.091738315810666,0.8736632272448333,1.5548617399311229,1.0,-0.0
84,5.079572572181396,4.214860092249674,0.864712479931768,1.5000748471789542,1.0,-0.0
85,5.011896515321032,4.130598249126077,0.8812982661950173,1.6508538889081357,1.0,-0.0
86,5.238724623777321,4.275134440479738,0.9635901832975833,1.838961957844559,1.0,-0.0
87,5.180871535607812,4.273340848385089,0.9075306872226747,1.737787457331406,1.0,-0.0
88,5.17179189466116,4.2157237641757845,0.9560681304853915,1.8837065166833509,1.0,-0.0
89,5.2370306006509875,4.293972977085605,0.9430576235653234,1.7575602127443166,1.0,-0.0
90,5.189669992588952,4.229700728447861,0.9599692641411366,1.7706517968172455,1.0,-0.0
91,5.065536912105804,4.176582442474578,0.8889544696311305,1.53889291801093,1.0,-0.0
92,5.197545440455647,4.240106988686488,0.9574384517691215,1.7766103377772549,1.0,-0.0
93,4.706836861117827,3.835044590700218,0.8717922704175862,1.6104856155035243,1.0,-0.0
94,5.330071971999351,4.3953754909316824,0.9346964810677036,1.8870114740549786,0.9882752594747788,0.014695311953624675
95,5.344617695013531,4.346842825574232,0.997774869439354,1.8189642834498918,1.0,-0.0
96,5.251426365049829,4.289616839809405,0.9618095252403691,1.7853611918854795,1.0,-0.0
97,4.994861911902481,4.1223409574747745,0.8725209544277277,1.5568538403343908,1.0,-0.0
98,5.344289084939183,4.387552626029896,0.9567364589094041,1.940770823317707,0.9844143204099252,0.019534994976658667
99,4.993243348213346,4.059539436475383,0.9337039117380073,1.6414205237873603,1.0,-0.0
100,5.289160484873937,4.396601702908802,0.8925587819651355,1.6587468437470245,1.0,-0.0
101,5.523842291019369,4.633018822071785,0.8908234689475876,1.7225250354113215,1.0,-0.0
102,5.1327399154158595,4.241432960109204,0.8913069553067317,1.8907714170641325,0.9368363365723485,0.07924677991289429
103,4.780898951424765,3.874921453425865,0.9059774979988333,1.6394364671152468,1.0,-0.0
104,5.3365615707011695,4.386071086076994,0.9504904846240834,1.8367753428103115,1.0,-0.0
105,5.249038540251595,4.298215557301557,0.9508229829500578,1.8761229721899748,1.0,-0.0
106,5.412128897895391,4.432325416421671,0.9798034814737093,1.8328673583619004,1.0,-0.0
107,5.10558224587202,4.1675667303290105,0.9380155155429293,1.632884814206181,1.0,-0.0
108,4.952745131021734,3.9568293561158208,0.9959157749059386,1.9237143026593588,1.0,-0.0
109,5.251513286160948,4.30454020763716,0.9469730785239108,1.7622715117819148,1.0,-0.0
110,5.312665524063609,4.362313294756838,0.9503522293068727,1.9809176322788695,0.959295380447512,0.05103782421107913
111,5.372371698108386,4.394524293348285,0.9778474047600412,1.84547499659068,1.0,-0.0
112,5.2788830759677605,4.35028055841585,0.9286025175520081,1.8389345928034917,1.0,-0.0
113,4.952913411265731,4.098949970346153,0.8539634409196424,1.6492650329720107,1.0,-0.0
114,5.369293191170973,4.401563757302521,0.9677294338683851,1.922751717758643,1.0,-0.0
115,5.089818497237493,4.225301691564173,0.864516805673361,1.5268504208804377,1.0,-0.0
116,5.229018418621299,4.321170009427576,0.9078484091936616,1.8474152825441141,0.9777431270388429,0.027898472124053053
117,5.22862040981021,4.337090316398619,0.8915300934115749,1.7074106303932681,1.0,-0.0
118,5.316625804459241,4.421274480926629,0.8953513235326227,1.6842339634248131,1.0,-0.0
119,5.2520544971390475,4.300199830044761,0.9518546670942669,1.6730908243734288,1.0,-0.0
120,5.101205134490206,4.172060809000042,0.929144325490256,1.7507439290743165,1.0,-0.0
121,5.175748279609129,4.220706288101983,0.955041991507187,1.8104391107165592,1.0,-0.0
122,4.91384692552082,3.984823726040848,0.9290231994800706,1.7337872968429515,1.0,-0.0
123,5.123160575393731,4.179047131684641,0.9441134437090568,1.8061503051650432,1.0,-0.0
124,5.138759685244613,4.217589082047661,0.9211706031969698,1.7203625109915355,1.0,-0.0
125,5.147592945937268,4.242819935578844,0.9047730103584399,1.6598817279965266,1.0,-0.0
126,5.057883835632756,4.140084120730895,0.9177997149018893,1.6179487894148346,1.0,-0.0
127,5.380232887853245,4.43324592560646,0.9469869622467968,1.8704468967196606,1.0,-0.0
128,5.26307497394952,4.4003738302116435,0.8627011437379224,1.6838852513228346,1.0,-0.0
129,5.385702927026946,4.401072045987506,0.9846308810392657,1.7032621460857036,1.0,-0.0
130,4.967208564168109,4.058867546339011,0.908341017829116,1.7500368191908424,1.0,-0.0
131,5.177934885654272,4.289424204094026,0.8885106815602057,1.747087791324632,1.0,-0.0
132,5.262526726371439,4.287437558754345,0.9750891676171705,1.796219285260662,1.0,-0.0
133,5.190968472068894,4.266462502814141,0.9245059692547102,1.701801607426075,1.0,-0.0
134,5.2297675627140645,4.320974838058234,0.9087927246557683,1.7835508457184308,1.0,-0.0
135,5.414897355074677,4.513915909937026,0.9009814451376315,1.7686035164664822,1.0,-0.0
136,5.223003388869634,4.338173897858583,0.8848294910110326,1.7525481814410888,1.0,-0.0
137,5.084267060713605,4.11770952617924,0.9665575345343314,1.7795400712565557,1.0,-0.0
138,5.353805449577626,4.4466681591081905,0.9071372904693362,1.6954949971129234,1.0,-0.0
139,4.891611060848723,3.9826030595701725,0.9090080012784938,1.5885305028983008,1.0,-0.0
140,5.345980974046361,4.408722008544746,0.9372589655016554,1.8690775238898523,1.0,-0.0
141,5.311106531154783,4.350159179290756,0.9609473518640925,1.768600216269986,1.0,-0.0
142,5.149253711161682,4.2037203580390035,0.9455333531226415,1.793958138443676,1.0,-0.0
143,5.1495949307439925,4.270592166307999,0.8790027644359952,1.776944559342898,0.9834505296097877,0.02074317266846526
144,5.431923461056263,4.454742803127235,0.9771806579290114,1.8410164864490395,1.0,-0.0
145,5.430232772450145,4.496952677392848,0.9332800950572846,1.7956563250411546,1.0,-0.0
146,5.153714572232607,4.213017117265501,0.9406974549671077,1.7669137115653117,1.0,-0.0
147,4.883356816958431,3.9957621331803854,0.8875946837780475,1.5539448019633326,1.0,-0.0
148,5.086913027214555,4.144112757375542,0.9428002698389264,1.6732569082089364,1.0,-0.0
149,5.185978445306537,4.226912596945459,0.9590658483609786,1.8449418023838593,1.0,-0.0
150,4.995706146915941,4.079018098966417,0.9166880479496058,1.5565845755736145,1.0,-0.0
151,5.343359318749881,4.454833391987497,0.8885259267623269,1.7786858925843276,0.9981279783604087,0.002346233338853709
152,5.153600240803021,4.230495773932265,0.9231044668707682,1.665185576207962,1.0,-0.0
153,5.232118021900069,4.32594143332763,0.9061765885724071,1.6454000030199216,1.0,-0.0
154,5.1330210887327805,4.201516664508365,0.9315044242243857,1.8742827071931916,0.9920162638611002,0.0100062963506544
155,5.168570183183638,4.226629534571298,0.9419406486124444,1.7214015049640978,1.0,-0.0
156,5.013480007414833,4.103728835394529,0.9097511720203784,1.6897961112372455,1.0,-0.0
157,5.045148355309484,4.079748276323933,0.9654000789855672,1.8346426671429756,1.0,-0.0
158,5.357480133001209,4.461664174921001,0.8958159580801066,1.7992181952883746,0.993109407854523,0.00863618390225234
159,5.222833734615724,4.262817499783532,0.9600162348322101,1.6255173056900651,1.0,-0.0
160,5.333325730076117,4.410951183382151,0.922374546693959,1.7845842358979982,1.0,-0.0
161,4.923123375883952,4.019449298404,0.903674077479991,1.747415255321917,1.0,-0.0
162,5.392289959494738,4.450657949647502,0.941632009847126,1.806689070478681,1.0,-0.0
163,5.174584924732917,4.268163246402763,0.9064216783301617,1.6794762906555603,1.0,-0.0
164,5.280466061908774,4.380903292043323,0.8995627698654971,1.6606145541433097,1.0,-0.0
165,5.2061713128888325,4.302260087561898,0.903911225326965,1.7714872906923889,1.0,-0.0
166,5.261006109092696,4.370255830553537,0.8907502785390307,1.619170365683671,1.0,-0.0
167,5.432253011090657,4.484160087407652,0.9480929236831344,1.9225166068496176,0.9842821872611824,0.019700631190368533
168,4.975017062213956,4.106070305899536,0.8689467563144717,1.5791555682587748,1.0,-0.0
169,5.177245045519944,4.247490829470719,0.9297542160492185,1.6531010280034044,1.0,-0.0
170,5.086649507149209,4.183788992013561,0.9028605151356714,1.7550355485299427,1.0,-0.0
171,5.348235610629777,4.40803728103411,0.9401983295956597,1.8054996162238592,1.0,-0.0
172,5.107453431378863,4.212847715751822,0.8946057156269944,1.7555337569988234,1.0,-0.0
173,5.020645477761368,4.125031212791983,0.8956142649692538,1.6514985155957178,1.0,-0.0
174,5.132728914585064,4.222703457120003,0.9100254574649398,1.5874595802193436,1.0,-0.0
175,5.071007543065994,4.129305141711859,0.941702401354064,1.740545653748545,1.0,-0.0
176,5.236540954235911,4.326015301167276,0.9105256530687029,1.623977318157607,1.0,-0.0
177,5.308529496610836,4.4046182092974515,0.903911287313349,1.8424292253071068,0.9756261823877521,0.030552802901608084
178,5.10659044568728,4.194200421874253,0.9123900238130318,1.6888281338272941,1.0,-0.0
179,5.011640100765694,4.087684112979041,0.9239559877867123,1.8459635655308362,1.0,-0.0
180,5.1953737857731905,4.260785449468774,0.9345883363043868,1.7954602683332608,1.0,-0.0
181,5.262070310647905,4.339846882449823,0.9222234281982082,1.736201474774555,1.0,-0.0
182,5.189958944528476,4.275505106791821,0.9144538377366871,1.601781652199033,1.0,-0.0
183,5.044901075015892,4.105333917750544,0.939567157265401,1.9654023395173001,0.955092461202634,0.05631300196341847
184,5.157054605872068,4.203708628245172,0.9533459776268955,1.7900941406982023,1.0,-0.0
185,5.399944765633668,4.471486418650901,0.9284583469826657,1.807749395579806,1.0,-0.0
186,5.16299438418479,4.313514677530209,0.8494797066546198,1.7087787731915336,0.9887810937083308,0.014061277211647431
187,5.318850997137011,4.370989556978227,0.9478614401588175,1.851071495940925,1.0,-0.0
188,5.683843691452003,4.705333469381143,0.978510222070895,1.8803162871382946,1.0,-0.0
189,5.161226623182634,4.187685565285657,0.9735410578970232,1.8015856113207493,1.0,-0.0
190,5.176362704431417,4.2249571240618025,0.9514055803697374,1.7781361863991516,1.0,-0.0
191,5.06369636461317,4.129615503638741,0.9340808609744045,1.817739934444477,1.0,-0.0
192,5.325179857424692,4.378566939106674,0.9466129183178964,1.7774634381657397,1.0,-0.0
193,5.2783200443067155,4.3486741726072236,0.9296458716994493,1.960057122974348,0.9473951605636425,0.06597822630882944
194,5.150419769436544,4.2281076821714425,0.922312087265027,1.5771766713346689,1.0,-0.0
195,5.050949319170277,4.182919278662018,0.868030040508188,1.6710477965715755,1.0,-0.0
196,5.250359158592678,4.337866187951427,0.9124929706412104,1.570729866285617,1.0,-0.0
197,5.005481840266489,4.100056044001983,0.905425796264467,1.6748064635841815,1.0,-0.0
198,5.322133745077499,4.4554603989360135,0.8666733461415106,1.6327359272788837,1.0,-0.0
199,5.06316392499672,4.134076051061729,0.9290878739350319,1.7276269117194407,1.0,-0.0
200,5.248354011093161,4.33922462638056,0.909129384712628,1.734282624380036,1.0,-0.0
201,5.443484217347409,4.4844542127817295,0.9590300045656477,1.8796729057356627,1.0,-0.0
202,5.0445586624840555,4.091892438370419,0.9526662241135,1.6774840613426436,1.0,-0.0
203,5.09294232378908,4.229253700343746,0.8636886234453414,1.6576530202916637,1.0,-0.0
204,5.20655119385423,4.2620026847381975,0.9445485091158616,1.8529770514990425,1.0,-0.0
205,5.2837828666925954,4.312412086546971,0.9713707801455485,1.9622135161443284,0.9893411042727152,0.013359342070668762
206,5.370995583878871,4.446105218066219,0.9248903658126437,1.7833390233846291,1.0,-0.0
207,5.032818971476777,4.039916169186146,0.9929028022907005,2.045993328896023,0.9729230976353413,0.03394238082138834
208,5.243072865698187,4.297954816924577,0.9451180487736792,1.9334578064590593,0.975372104024019,0.030871393125181605
209,5.156159074202938,4.265101689016111,0.8910573851867412,1.6828202600578086,1.0,-0.0
210,5.153184423614553,4.221334478821497,0.9318499447930435,1.8696802193231372,0.9955237676597701,0.005610154702627983
211,5.252939330227141,4.378171929897846,0.8747674003293469,1.6865481606406552,1.0,-0.0
212,4.96809255262041,4.062341715880967,0.9057508367395712,1.6871373202602564,1.0,-0.0
213,5.116496390345096,4.161500024459631,0.9549963658853358,1.720139043190783,1.0,-0.0
214,4.987168205304888,4.0863023781086465,0.9008658271962986,1.7391013070245767,1.0,-0.0
215,5.2076326418816645,4.286424854204389,0.9212077876773037,1.7486801116313826,1.0,-0.0
216,5.335410704917072,4.392871226642173,0.9425394782749663,1.764000225924251,1.0,-0.0
217,5.167135460920795,4.210989462424276,0.9561459984964813,1.6674123062979374,1.0,-0.0
218,5.1228506213718585,4.208188903708496,0.9146617176634209,1.7673445876248448,1.0,-0.0
219,5.244048720872106,4.331648378529998,0.9124003423421527,1.617205928748402,1.0,-0.0
220,5.346475543080592,4.438775354630607,0.9077001884500078,1.7059944179888218,1.0,-0.0
221,5.333384481104181,4.373703460075644,0.959681021028473,1.780292312377873,1.0,-0.0
222,5.015200871833477,4.117426881702473,0.897773990130986,1.5335681751896373,1.0,-0.0
223,5.11866282009577,4.163362905147158,0.9552999149486823,1.6389001949152306,1.0,-0.0
224,5.311324604876964,4.4151923592283975,0.8961322456486869,1.6612238786573723,1.0,-0.0
225,5.201393807878949,4.286246682947189,0.9151471249316501,1.8155088657205773,1.0,-0.0
226,5.315532000329759,4.3424453911162395,0.9730866092135102,1.7846823220524795,1.0,-0.0
227,5.022929889456,4.0949109522785285,0.9280189371775123,1.700083311343683,1.0,-0.0
228,5.3260761692911185,4.38134227523909,0.9447338940519785,1.937386878223895,0.9730404819540539,0.03379517699099235
229,5.100618513177087,4.230363993926746,0.8702545192503521,1.7269471026257657,1.0,-0.0
230,5.042110444056894,4.078779443211534,0.9633310008453009,1.8548850812295337,1.0,-0.0
231,5.367644983063874,4.463617058733751,0.9040279243299665,1.618968860220106,1.0,-0.0
232,5.146402252267071,4.249577505205867,0.8968247470612596,1.678587619503773,1.0,-0.0
233,5.234123767106203,4.340814391103304,0.8933093760030033,1.8264830751258727,0.9713044794826255,0.0359722580735266
234,5.292090652785069,4.384544754782365,0.9075458980028088,1.807161476303349,1.0,-0.0
235,5.145694781518264,4.211335375477896,0.9343594060403575,1.8222739777724568,1.0,-0.0
236,5.026673397307027,4.162165898317378,0.8645074989897239,1.5632272352618042,1.0,-0.0
237,5.496612597664457,4.534019873532834,0.9625927241315821,1.7531998179995179,1.0,-0.0
238,5.117087621782835,4.13352690476103,0.9835607170218736,1.7916490550663235,1.0,-0.0
239,4.947073229476805,4.015719749206005,0.9313534802707863,1.7169645798219775,1.0,-0.0
240,5.05055255897445,4.107883005177829,0.942669553796577,1.7696274791463242,1.0,-0.0
241,5.001874618937441,4.15195073651609,0.849923882421308,1.618907878933229,1.0,-0.0
242,5.301992713055133,4.377518081328889,0.9244746317261843,1.6765897496574653,1.0,-0.0
243,5.193311825101537,4.301635045779651,0.8916767793217559,1.845551341835841,0.9586944702027222,0.051791949637225
244,5.256094044139095,4.303518200983103,0.9525758431559552,1.7164227939237047,1.0,-0.0
245,5.2970897137691875,4.343427475526822,0.953662238242373,1.8256192657681938,1.0,-0.0
246,5.192426365448901,4.261608432219976,0.9308179332289228,1.7523763008477706,1.0,-0.0
247,5.086163495242991,4.148872647621291,0.9372908476216253,1.7195502467209662,1.0,-0.0
248,5.131331712054239,4.163278468415754,0.9680532436385647,1.8983764251527488,1.0,-0.0
249,5.168089268268309,4.294400050797083,0.8736892174711102,1.6342996860665884,1.0,-0.0
250,5.200526875708411,4.273628289442804,0.9268985862656791,1.6958239972614702,1.0,-0.0
251,5.195832408690299,4.221280378965325,0.9745520297249186,1.7938080182948548,1.0,-0.0
252,5.371480288633725,4.413486427158887,0.9579938614747334,1.6967264808996796,1.0,-0.0
253,5.010388207620613,4.099470123759819,0.9109180838609063,1.8123613399043745,1.0,-0.0
254,5.343822462244921,4.361071495674764,0.9827509665701655,1.8248597298656568,1.0,-0.0
255,5.224804615818007,4.290142635634117,0.9346619801840461,1.80435445857124,1.0,-0.0
256,5.239579906120516,4.28233828828661,0.9572416178339154,1.8670271903803162,1.0,-0.0
257,5.265763098095013,4.332975573040173,0.9327875250548914,1.6886889249507204,1.0,-0.0
258,5.042769430518538,4.121918530520444,0.9208508999981859,1.6490337075701165,1.0,-0.0
259,5.205971229950128,4.290124101854451,0.9158471280957201,1.7423657665271692,1.0,-0.0
260,5.249862839938819,4.3050267234740645,0.9448361164647849,1.8313236601747538,1.0,-0.0
261,5.207256123502466,4.301565690977183,0.9056904325253754,1.7111978227322187,1.0,-0.0
262,5.039272922052637,4.17046675097451,0.8688061710782904,1.671099013015327,1.0,-0.0
263,5.189738731437492,4.218948272257611,0.9707904591798524,1.7806559426433277,1.0,-0.0
264,5.2162278656121455,4.347362000511206,0.8688658651009291,1.7213543473892319,1.0,-0.0
265,5.088906400824376,4.1736518789328265,0.9152545218915975,1.7022077140365863,1.0,-0.0
266,5.022289270607635,4.116723244605627,0.9055660260020204,1.7699585929796262,1.0,-0.0
267,5.239081049060237,4.3052605637148655,0.9338204853453362,1.5625955599079728,1.0,-0.0
268,5.259795736659489,4.332850919677892,0.9269448169816314,1.7374053857523926,1.0,-0.0
269,5.360960967458359,4.4506854166731795,0.9102755507850588,1.6360443033784433,1.0,-0.0
270,5.109098870896778,4.190794003018565,0.9183048678781915,1.8293178667410217,1.0,-0.0
271,5.052312272057398,4.160293823276103,0.892018448781414,1.6775867735567145,1.0,-0.0
272,4.989404133312055,4.020345925478232,0.9690582078338821,1.7639572100978271,1.0,-0.0
273,5.088099256387286,4.198509368035307,0.8895898883520204,1.7301065261233535,1.0,-0.0
274,5.291290922637122,4.2970777304170475,0.9942131922200588,2.011039269703801,0.9890578237758854,0.013714414055495719
275,5.053440036385032,4.1476190770209485,0.905820959364064,1.6273762215533156,1.0,-0.0
276,5.379505312983602,4.403919873555713,0.9755854394277321,1.7767531403436747,1.0,-0.0
277,5.24676109830772,4.310892592085011,0.9358685062227323,1.732367360656157,1.0,-0.0
278,5.17669491408798,4.2311761611775704,0.9455187529104023,1.7200661231975327,1.0,-0.0
279,5.196468230321207,4.274581898838475,0.9218863314827104,1.8280560167762285,1.0,-0.0
280,5.180071517217348,4.242998781731918,0.9370727354853443,1.8367414600049248,1.0,-0.0
281,5.196124444447369,4.304939680453181,0.891184763994147,1.6765879888709234,1.0,-0.0
282,5.038504419896517,4.116702827973526,0.9218015919229856,1.8119575503729415,1.0,-0.0
283,4.98396044672892,4.148795002668491,0.8351654440604079,1.535285972868174,1.0,-0.0
284,5.08995660721836,4.122818808781743,0.9671377984366245,1.873232012880027,1.0,-0.0
285,5.012041551880989,4.112081444335162,0.8999601075458941,1.624753989472096,1.0,-0.0
286,5.293326622185864,4.378454780087289,0.9148718420985915,1.8171377821343597,1.0,-0.0
287,4.85498537925695,3.9832806328656862,0.8717047463912877,1.6763645911298757,1.0,-0.0
288,5.175299253108156,4.263603852506442,0.9116954006017295,1.7438968619343531,1.0,-0.0
289,5.24343496651044,4.334585389849723,0.9088495766606002,1.6312735336007522,1.0,-0.0
290,5.189793926562734,4.303331946196277,0.8864619803664482,1.7721844656432655,1.0,-0.0
291,5.116372787388846,4.15610810173049,0.9602646856584443,1.927760764599308,0.9955118576222848,0.005625081956517032
292,5.110405303573534,4.161672009176764,0.9487332943967886,1.9206949448618906,0.9859942378061394,0.01755452132355149
293,5.143493402047389,4.194031493485056,0.9494619085622844,1.830082036513169,1.0,-0.0
294,5.416668554288199,4.474407808062461,0.9422607462256565,1.7560632787743011,1.0,-0.0
295,5.295496741876596,4.377176359052269,0.9183203828242767,1.80690093163056,1.0,-0.0
296,5.119734626003142,4.221392263164107,0.8983423628390028,1.7253140104525921,1.0,-0.0
297,5.287559937994379,4.40893448815442,0.8786254498401149,1.7078681561363487,1.0,-0.0
298,5.477863730400477,4.4830512988143525,0.9948124315861833,1.9469604589331881,1.0,-0.0
299,5.31572655971353,4.398731767994235,0.9169947917193895,1.7004163656806512,1.0,-0.0
300,5.095250573911349,4.179802033644602,0.9154485402666523,1.6836179958199486,1.0,-0.0
301,5.552177611834045,4.564006259111771,0.9881713527222473,2.08689821837495,0.9534980285820277,0.05831461205897859
302,4.981066007533277,4.142731386520877,0.83833462101245,1.5476877786563366,1.0,-0.0
303,5.189757731989735,4.3275172230810615,0.8622405089085987,1.666903473817932,1.0,-0.0
304,5.226275155703197,4.331954106839397,0.8943210488638442,1.7673452930310365,1.0,-0.0
305,5.358445708994273,4.4940052512326805,0.864440457761475,1.5401261358411085,1.0,-0.0
306,5.232980353473399,4.2879398127125885,0.9450405407608287,1.9739489604525997,0.9569611063017364,0.05396743904060222
307,5.085032562433517,4.136779182488208,0.9482533799452995,1.6463664381946472,1.0,-0.0
308,5.491383844591942,4.518422003951478,0.972961840640437,1.852166583719085,1.0,-0.0
309,5.179071289183403,4.3155712616225355,0.8635000275608036,1.7157787638859339,1.0,-0.0
310,5.165558528698048,4.270291199878937,0.8952673288190454,1.6860175773998698,1.0,-0.0
311,5.407816590355642,4.488227465438813,0.9195891249167971,1.780013741608443,1.0,-0.0
312,5.33149743266255,4.377061242939746,0.9544361897227418,1.8421297233039873,1.0,-0.0
313,5.169202840093012,4.287445402638038,0.8817574374550077,1.6400187506928576,1.0,-0.0
314,5.11803937307217,4.162936139972654,0.9551032330994076,1.7728460721141652,1.0,-0.0
315,5.12478365835806,4.177114384225781,0.9476692741321813,1.8214854137148815,1.0,-0.0
316,5.313131119110826,4.405363408231201,0.9077677108796252,1.7765179517253777,1.0,-0.0
317,5.198175009050024,4.281442674393128,0.9167323346568992,1.6989170472186945,1.0,-0.0
318,5.082113044526627,4.160107084330376,0.9220059601963158,1.7414988761317693,1.0,-0.0
319,5.170242819268983,4.198408569759357,0.9718342495096977,1.8234633268093852,1.0,-0.0
320,5.053804073706024,4.166953380675126,0.8868506930308513,1.62200647084508,1.0,-0.0
321,5.017897142737857,4.086370010620476,0.9315271321173668,1.7391529810428428,1.0,-0.0
322,5.289553847103539,4.424635744769439,0.8649181023340589,1.5753693678135665,1.0,-0.0
323,5.348949220792852,4.401876436920434,0.947072783872386,1.9525947975627767,0.9683675220147452,0.03965582309345887
324,5.1271385806498895,4.211072794644679,0.9160657860052197,1.7594471639518372,1.0,-0.0
325,5.136975713249276,4.244057171233061,0.8929185420162185,1.7072266906358777,1.0,-0.0
326,5.398454010172932,4.463202544358245,0.9352514658147584,1.8490111316259763,1.0,-0.0
327,5.421086194808472,4.513880498085992,0.9072056967224853,1.7712939133668253,1.0,-0.0
328,5.478242524128396,4.493436453987707,0.9848060701407348,1.8188548653368235,1.0,-0.0
329,5.278652366655129,4.2685144997114985,1.0101378669436372,1.9033389984908489,1.0,-0.0
330,5.221998410730512,4.299985818229535,0.9220125925010052,1.6941267757042393,1.0,-0.0
331,5.403167214434225,4.48577901661889,0.9173881978153986,1.9470597396646792,0.9404086073332459,0.07475630589671582
332,5.011745365186007,4.1051882694800685,0.9065570957059208,1.5567795905374586,1.0,-0.0
333,5.160211341721256,4.237849698244618,0.9223616434767337,1.852798198588387,0.993774116565279,0.007803066910623078
334,5.012004713341971,4.084425653943924,0.9275790593981128,1.772819915903892,1.0,-0.0
335,5.260727244119371,4.360003284167867,0.900723959951506,1.6789816727179523,1.0,-0.0
336,4.967663651433545,4.029203549668997,0.9384601017646901,1.687996595402805,1.0,-0.0
337,5.2137953737176215,4.27943037265093,0.9343650010666806,1.742075934501207,1.0,-0.0
338,5.2938484821977365,4.333898724236882,0.9599497579607714,1.8135322792062007,1.0,-0.0
339,5.224298293151142,4.230217737736249,0.9940805554148255,1.8820779268489303,1.0,-0.0
340,5.373000880847817,4.43863500998823,0.9343658708594376,1.8174191223892642,1.0,-0.0
341,5.297691886424209,4.4035355002512215,0.8941563861731083,1.6874341768271064,1.0,-0.0
342,5.1964742681401415,4.281979173263533,0.9144950948765427,1.7116001657439028,1.0,-0.0
343,5.212630061577434,4.251753021551977,0.9608770400253661,1.8339898861433181,1.0,-0.0
344,5.359762897786814,4.45372688741997,0.9060360103668472,1.8384120718561343,0.9808273885763646,0.02403161786407871
345,4.992641513206527,4.075449156116095,0.917192357090471,1.541505847784515,1.0,-0.0
346,5.2411438654998985,4.338694231298769,0.9024496342011616,1.7367022569247963,1.0,-0.0
347,5.086360429103584,4.135780926566024,0.9505795025376074,1.631304858310875,1.0,-0.0
348,5.311702969422859,4.435659141944221,0.8760438274787248,1.6013200282645816,1.0,-0.0
349,5.303495792793333,4.423209465119983,0.8802863276733888,1.8974428602483586,0.9224353242048327,0.09736652923403029
350,5.223447285779448,4.356949084534257,0.8664982012451219,1.4911751750372586,1.0,-0.0
351,5.24177176119928,4.297039558950496,0.9447322022489288,1.6718690518512078,1.0,-0.0
352,5.159519155197122,4.222694047124815,0.9368251080724121,1.8715911357437904,1.0,-0.0
353,4.949476371513915,4.042369707221111,0.907106664292769,1.744542663973411,1.0,-0.0
354,5.22822787378424,4.259034583141739,0.9691932906425791,1.7780450153333902,1.0,-0.0
355,5.154611347319351,4.236538396394016,0.9180729509253069,1.8338966145696807,1.0,-0.0
356,5.103822643950016,4.132043473344348,0.9717791706057142,1.690301979862598,1.0,-0.0
357,5.241386864700976,4.295697215099775,0.9456896496012632,1.6937892629342355,1.0,-0.0
358,5.183727014427054,4.266781516909603,0.9169454975174176,1.650164482913599,1.0,-0.0
359,4.968958518720674,4.075143217825794,0.8938153008948575,1.6368368902192825,1.0,-0.0
360,5.272145467065334,4.375517816439949,0.8966276506253053,1.623061895789475,1.0,-0.0
361,5.062832554361071,4.128023263045739,0.9348092913153323,1.6506931125515227,1.0,-0.0
362,5.208867861402828,4.21712055591747,0.9917473054854327,1.9107832513113392,1.0,-0.0
363,5.036946343761306,4.123977866862047,0.9129684768992092,1.7714495906011614,1.0,-0.0
364,5.358063749065186,4.4058615212474095,0.9522022278177928,1.7940611353695406,1.0,-0.0
365,4.974978545855711,4.083326774762067,0.8916517710935068,1.729538100754711,1.0,-0.0
366,5.027279987852571,4.052966270431547,0.9743137174210688,1.7730420806310652,1.0,-0.0
367,5.292075331733363,4.390336833113704,0.9017384986195793,1.6590508053252226,1.0,-0.0
368,5.159910647075426,4.317101446526575,0.8428092005489134,1.5533267034126315,1.0,-0.0
369,5.4544907485694605,4.559397042415174,0.8950937061542845,1.6919270077581388,1.0,-0.0
370,5.204566363085965,4.274246712357433,0.9303196507285065,1.7821238801870067,1.0,-0.0
371,5.153785339498645,4.256506077939536,0.8972792615591061,1.7003112636036257,1.0,-0.0
372,5.02275617701911,4.146117265306593,0.8766389117125755,1.6210476438765693,1.0,-0.0
373,5.118595267217293,4.182890062124509,0.935705205092745,1.8549525309615547,1.0,-0.0
374,5.140371691543569,4.1911769257462375,0.9491947657973014,1.7919862621171738,1.0,-0.0
375,5.279152319237019,4.341270509268515,0.9378818099685304,1.8695715481634934,1.0,-0.0
376,5.379500571684266,4.471972515140788,0.9075280565434696,1.844185664737577,0.9792601501251423,0.025996474899161796
377,5.14130350269601,4.225855418849358,0.915448083846627,1.8069708811994754,1.0,-0.0
378,5.122991496411137,4.180393014999156,0.9425984814120056,1.623781764913045,1.0,-0.0
379,4.978283234062237,4.059262970595089,0.9190202634671323,1.6210668806125628,1.0,-0.0
380,5.152169477740008,4.220280999364073,0.9318884783758676,1.85563533340764,1.0,-0.0
381,5.028184238398799,4.101409788671486,0.9267744497273043,1.6456109299519537,1.0,-0.0
382,5.252964943898965,4.240985281348371,1.0119796625506297,1.7837750205449927,1.0,-0.0
383,4.987658967728626,4.038092743042357,0.9495662246862366,1.7644916129758021,1.0,-0.0
384,5.284648871900108,4.338961008998378,0.9456878629017638,1.720027418143169,1.0,-0.0
385,5.257818134262598,4.350707055754636,0.9071110785080236,1.7127643335660503,1.0,-0.0
386,5.083057616807755,4.1668324939677515,0.9162251228400464,1.6297797454560512,1.0,-0.0
387,5.048828249809267,4.153303616597858,0.8955246332114939,1.657076548317594,1.0,-0.0
388,5.195978311659578,4.296068391179979,0.8999099204796721,1.6089941918782205,1.0,-0.0
389,5.125206316939957,4.172815332265106,0.9523909846749348,1.7551682953320338,1.0,-0.0
390,5.356332401644286,4.439976566681715,0.916355834962701,1.6584749433175596,1.0,-0.0
391,5.040646670007154,4.146141834462439,0.894504835544808,1.6070647363855595,1.0,-0.0
392,4.986378790032964,4.149801408346155,0.8365773816868796,1.640079538614625,1.0,-0.0
393,5.4509566251047,4.460520276807987,0.9904363482967256,2.063755577589139,0.963837550204023,0.045338437532735816
394,5.324937432016659,4.43575059351962,0.8891868384970394,1.683677055214102,1.0,-0.0
395,5.041748535796037,4.154416401474688,0.8873321343213547,1.5668308291437274,1.0,-0.0
396,5.172427252781622,4.246366393737825,0.9260608590437869,1.7078640143174098,1.0,-0.0
397,5.253188097867556,4.3444164572778305,0.9087716405896344,1.6963245849002488,1.0,-0.0
398,5.184162593401757,4.232285615252811,0.9518769781490164,1.7894028217096452,1.0,-0.0
399,5.3913763371432335,4.47455613727487,0.9168201998683116,1.6462316832552721,1.0,-0.0
400,5.063032359009972,4.116236662658567,0.9467956963515007,1.7191764378435899,1.0,-0.0
401,5.294810452094785,4.363237853852597,0.9315725982422691,1.8880193012299271,0.9838336806187925,0.02026286314339133
402,5.192277721817041,4.267991669870755,0.9242860519464102,1.8092295777911684,1.0,-0.0
403,5.346081414341247,4.386922426691397,0.9591589876498574,1.8226640051034027,1.0,-0.0
404,5.314830555098743,4.387724647701612,0.9271059073972765,1.7619625288501588,1.0,-0.0
405,5.153966959206732,4.233690222625237,0.9202767365815134,1.838023438650974,1.0,-0.0
406,5.093574270500985,4.142645490894969,0.950928779605988,1.6681958722785586,1.0,-0.0
407,5.128704942713048,4.255651755441178,0.8730531872719212,1.6717233034494061,1.0,-0.0
408,5.3746909614227345,4.41271779602768,0.9619731653950794,1.7279452377879219,1.0,-0.0
409,5.412801136989733,4.464294427799045,0.9485067091906103,1.886663287160058,1.0,-0.0
410,4.93023428065816,4.051278031766666,0.8789562488915408,1.635743510924775,1.0,-0.0
411,5.120635192538421,4.1489155992160285,0.9717195933224048,1.8808388490029708,1.0,-0.0
412,5.220993252101826,4.289989968567937,0.9310032835339825,1.763436150139721,1.0,-0.0
413,5.267685847724911,4.366735922173692,0.9009499255511173,1.7752350163179815,1.0,-0.0
414,5.1440574082901005,4.243181024903052,0.9008763833870717,1.710614029159582,1.0,-0.0
415,4.965531007121504,4.087566087171876,0.877964919949477,1.6393085803072043,1.0,-0.0
416,5.16814396371125,4.311084677609182,0.8570592861019577,1.7169438249941305,0.9962313162900889,0.004723362135796319
417,5.284752337119803,4.332671594207307,0.9520807429124716,1.8425855680719367,1.0,-0.0
418,5.173376857586495,4.226587512856916,0.9467893447294955,1.8442693662929188,1.0,-0.0
419,5.029997470846402,4.099202479034009,0.9307949918123768,1.6819300273989488,1.0,-0.0
420,5.1077238248388905,4.182801068636811,0.924922756202136,1.7076145042323079,1.0,-0.0
421,5.131823758024316,4.213700306746812,0.9181234512774381,1.843557951440021,0.9941614069531289,0.007317656514914248
422,5.100892498274325,4.162104053821359,0.9387884444529391,1.851771468629026,1.0,-0.0
423,5.10723749632688,4.193812356480366,0.9134251398464812,1.8240468851839209,1.0,-0.0
424,5.145129049103494,4.253001124810675,0.8921279242927085,1.6473145465546364,1.0,-0.0
425,5.17933744209653,4.249594149472548,0.929743292624039,1.721052267463664,1.0,-0.0
426,5.288259427971061,4.3562068387767034,0.9320525891945408,1.736634106308185,1.0,-0.0
427,5.056720846046337,4.177179048277132,0.8795417977692068,1.6816417161500148,1.0,-0.0
428,5.262519754161181,4.34362754555019,0.9188922086110551,1.764488071276447,1.0,-0.0
429,5.146622141066123,4.234797041297977,0.9118250997681798,1.7468752042089086,1.0,-0.0
430,5.154092728667925,4.191882565432113,0.962210163235909,1.7286609607834231,1.0,-0.0
431,5.183402370556442,4.249287797472119,0.93411457308423,1.8621297191397983,1.0,-0.0
432,5.1692108454061465,4.172857087021219,0.9963537583848847,1.7759618294528008,1.0,-0.0
433,5.019497149421445,4.111873576823166,0.9076235725982542,1.7479591550747737,1.0,-0.0
434,5.12241792791996,4.2245894064215435,0.897828521498468,1.692296142131612,1.0,-0.0
435,5.187602892258488,4.270045479513724,0.9175574127445998,1.7571378963607387,1.0,-0.0
436,5.116300335480551,4.142817116373152,0.9734832191073792,1.707411813296213,1.0,-0.0
437,5.5495483707520545,4.583748682155731,0.9657996885963485,2.024930182412442,0.956354780923685,0.05472847833859453
438,5.137732013176324,4.216181484908631,0.9215505282677441,1.6543013458794,1.0,-0.0
439,5.054711257430759,4.143887905397975,0.9108233520328213,1.7139581695216712,1.0,-0.0
440,5.115049331570267,4.200479054688465,0.9145702768818182,1.8128897978402652,1.0,-0.0
441,5.1832625085299835,4.229750418042116,0.9535120904877203,1.7386514612696216,1.0,-0.0
442,5.241476466171539,4.301983509311707,0.9394929568599082,1.8510976812548505,1.0,-0.0
443,5.136496018135736,4.157131204070829,0.9793648140649793,1.9169857116063285,1.0,-0.0
444,5.106505956673564,4.2018288307169716,0.9046771259565958,1.6582701091848322,1.0,-0.0
445,5.070328464037962,4.174551524009116,0.8957769400288953,1.5916376384459898,1.0,-0.0
446,5.311135378526378,4.4022903993705995,0.9088449791556741,1.8324366332734834,0.9885404536356454,0.014362905278305587
447,5.220565619421555,4.332813697879876,0.8877519215417351,1.7372276280036272,1.0,-0.0
448,5.148239674340848,4.262037298477807,0.8862023758630357,1.7642558036459346,1.0,-0.0
449,5.384852175755773,4.453449300555395,0.9314028752004333,1.7631369860237194,1.0,-0.0
450,5.255297866395145,4.268910817808928,0.9863870485861526,1.885023262770523,1.0,-0.0
451,5.309946442687638,4.405761108510472,0.9041853341772139,1.818184636668268,0.9917731260751809,0.010311040100391083
452,5.152720300699221,4.158700959092153,0.9940193416070997,1.8863705500413084,1.0,-0.0
453,5.2140951236231015,4.265721438828965,0.9483736847940918,1.7678645498108283,1.0,-0.0
454,5.117702837163042,4.251383572138632,0.8663192650244582,1.6386206954986644,1.0,-0.0
455,4.996198133712587,4.055325244759876,0.9408728889526401,1.6471723788884263,1.0,-0.0
456,5.31655649293497,4.36034317577602,0.9562133171590403,1.9378057440467655,0.9853685206735012,0.01833886777443326
457,5.140820909233971,4.215192425116983,0.9256284841169418,1.7303395438518603,1.0,-0.0
458,5.238011510003494,4.333476779843945,0.9045347301596394,1.7915501944918741,1.0,-0.0
459,5.266464238482618,4.339695910861758,0.9267683276208345,1.7320575960225386,1.0,-0.0
460,5.044331807207859,4.171663825928615,0.8726679812791645,1.618450278578977,1.0,-0.0
461,5.169218636956648,4.248913075079756,0.9203055618768303,1.75752670998882,1.0,-0.0
462,5.108726297987905,4.18764028098137,0.9210860170065871,1.6636015255841965,1.0,-0.0
463,5.203983375589919,4.262928739508519,0.9410546360815033,1.725424906501721,1.0,-0.0
464,5.389886612934665,4.421169268622771,0.9687173443119264,1.8866000268560636,1.0,-0.0
465,5.356622595220065,4.435861925883618,0.9207606693364596,1.6489945309809402,1.0,-0.0
466,5.108767184160902,4.177894610956793,0.9308725732041694,1.7649655093779404,1.0,-0.0
467,5.230167475887347,4.346677882960124,0.8834895929272761,1.7038577379280655,1.0,-0.0
468,5.213115250861952,4.279309513901191,0.9338057369607213,1.81216912796082,1.0,-0.0
469,5.380164225413287,4.424618155346533,0.9555460700667027,1.7668843115000956,1.0,-0.0
470,5.458677180796931,4.541375560004761,0.9173016207920455,1.795930351691669,1.0,-0.0
471,5.1529461650862824,4.158823701296496,0.9941224637899495,1.9046256961553438,1.0,-0.0
472,5.194420597754734,4.256491962375769,0.9379286353789666,1.7156477594229664,1.0,-0.0
473,5.21054248921188,4.292553104457028,0.9179893847549465,1.7549707545664592,1.0,-0.0
474,5.168917122103826,4.241558515027437,0.9273586070763713,1.7526973584223526,1.0,-0.0
475,5.395771678515294,4.396067797949135,0.9997038805661305,1.8996615824021292,1.0,-0.0
476,5.292972041450744,4.4032797348353405,0.8896923066155296,1.697299017604113,1.0,-0.0
477,5.287123961361763,4.368806601028419,0.9183173603333898,1.7876321611890824,1.0,-0.0
478,5.250977236424992,4.328063871321671,0.9229133651033408,1.7444678991076747,1.0,-0.0
479,5.228900950098014,4.3016308865810995,0.9272700635168576,1.8042166964015522,1.0,-0.0
480,5.525794578507762,4.6282789472337456,0.8975156312740182,1.8708199309074889,0.952823689731947,0.05916122971542927
481,5.3963837206500695,4.485973143549177,0.9104105771009472,1.6961118830533555,1.0,-0.0
482,4.928399278930433,4.027657782252954,0.9007414966774832,1.5588312190193432,1.0,-0.0
483,5.317643055475733,4.3568110125488175,0.9608320429268815,1.8314535240142802,1.0,-0.0
484,5.188042060359399,4.230451289934932,0.9575907704244173,1.8049780100612085,1.0,-0.0
485,5.18782403515012,4.246511643024467,0.9413123921256101,1.8458596419980493,1.0,-0.0
486,5.372605217235323,4.50509316037318,0.8675120568622106,1.7313891507218262,1.0,-0.0
487,4.873961577616106,3.8962006539060554,0.9777609237100933,1.809824004037396,1.0,-0.0
488,5.107838741743299,4.217392126262979,0.890446615480414,1.7505071282059932,1.0,-0.0
489,5.1804672807786485,4.263486189324134,0.9169810914544314,1.740706313188071,1.0,-0.0
490,5.067512072112882,4.101643351110413,0.9658687210024937,1.8336182394736884,1.0,-0.0
491,5.202198938709548,4.253905630807264,0.9482933079021905,1.8633823151585673,1.0,-0.0
492,5.015881107486498,4.085959702385427,0.9299214051010267,1.7497003769155812,1.0,-0.0
493,5.052434962903126,4.140053227125875,0.9123817357772168,1.745242773864475,1.0,-0.0
494,5.044591590180621,4.1210875351419265,0.9235040550386202,1.702341657374347,1.0,-0.0
495,5.032904022747394,4.090107006972911,0.9427970157744312,1.7065513772624805,1.0,-0.0
496,5.1186177824765675,4.212622007750609,0.9059957747258522,1.7923709976640652,1.0,-0.0
497,5.216877252279451,4.322966613008793,0.8939106392707572,1.6444359553694494,1.0,-0.0
498,5.154338628778751,4.2240134454322344,0.9303251833465538,1.6591772229225534,1.0,-0.0
499,5.380089276543449,4.387797898803155,0.99229137774023,2.0046783914645276,0.9901193534838015,0.012383870489529502
500,5.112898170070926,4.259675069511989,0.8532231005590347,1.6265620228589812,1.0,-0.0
501,5.224581873419984,4.2590686644751,0.9655132089449125,1.8280134511510537,1.0,-0.0
502,5.167496103834074,4.223408072238126,0.9440880315959248,1.9308120179779782,0.975554153541139,0.030643119942497694
503,5.164540250860901,4.202403842518761,0.9621364083420758,1.9329441293833076,0.9947355614169238,0.006598043174278982
504,5.3758982603288725,4.4235027913635445,0.9523954689652783,1.8719658471179708,1.0,-0.0
505,5.474086712702833,4.5456987859265325,0.928387926776395,1.728971170342286,1.0,-0.0
506,5.077196860848849,4.1507678937162655,0.9264289671325514,1.8081175616978817,1.0,-0.0
507,5.443649228874952,4.455487077832451,0.988162151042502,1.9003242504957911,1.0,-0.0
508,5.175869921281892,4.271418250723318,0.9044516705587284,1.722159102003329,1.0,-0.0
509,5.104314457857972,4.15219227030334,0.9521221875545507,1.7931711430234945,1.0,-0.0
510,4.949590751892847,4.046083572374904,0.9035071795179874,1.6656032408218366,1.0,-0.0
511,5.29813727309851,4.364662248175845,0.9334750249227,1.8242046905752902,1.0,-0.0
512,5.298834081731675,4.337342814384119,0.9614912673475828,1.9562951558625499,0.9817688122254159,0.022851394002635503
513,5.09727823903062,4.183279247836607,0.9139989911940347,1.8602726934017664,0.9780314526281092,0.027536970745869742
514,5.1107116180768255,4.261029499920991,0.8496821181557834,1.4688593303090252,1.0,-0.0
515,5.251297415968557,4.356745457760445,0.894551958208126,1.757202018644997,1.0,-0.0
516,5.038865044809304,4.131138230897534,0.907726813911836,1.5098160319516234,1.0,-0.0
517,5.385545538842953,4.49453232494259,0.8910132139003508,1.76231307008968,1.0,-0.0
518,5.194872391927552,4.266457368025785,0.9284150239017208,1.6707323818213524,1.0,-0.0
519,5.076522128505749,4.206393461244232,0.8701286672616106,1.5503116505435952,1.0,-0.0
520,5.193665725592373,4.2614469291709725,0.9322187964213526,1.7024369425367412,1.0,-0.0
521,5.1908044986290545,4.254873702101143,0.9359307965279413,1.7568094532563525,1.0,-0.0
522,5.034430829678163,4.156370016126074,0.8780608135519969,1.6601309353612042,1.0,-0.0
523,5.149764987552535,4.237181279997317,0.9125837075551999,1.7448315428237677,1.0,-0.0
524,4.893532162772649,3.985058586764197,0.9084735760085323,1.7121599097821347,1.0,-0.0
525,5.233820494204215,4.2842788789287845,0.9495416152753933,1.8479154500156634,1.0,-0.0
526,5.268859008695349,4.341921171817134,0.92693783687821,1.7722034264137072,1.0,-0.0
527,5.3839928203919865,4.386406775917441,0.9975860444745877,1.8821403195491264,1.0,-0.0
528,5.090913154703449,4.216661239467555,0.8742519152359591,1.7433123288627108,1.0,-0.0
529,5.0868479935934285,4.182559418285793,0.9042885753076462,1.843766018398223,0.9753250571410111,0.030930385807080817
530,5.233326984510986,4.226982924523369,1.0063440599875548,1.9970114609347185,1.0,-0.0
531,5.323063324653495,4.368564139089061,0.954499185564373,1.8404174522205548,1.0,-0.0
532,5.084775417363167,4.180711653458133,0.9040637639050146,1.779144251836272,1.0,-0.0
533,5.0231453816029354,4.107465006364404,0.9156803752384803,1.5847143727586177,1.0,-0.0
534,5.421340905644334,4.43828037844678,0.9830605271974946,1.9039503452680147,1.0,-0.0
535,5.323073175682103,4.360684474614111,0.96238870106788,1.803492935024733,1.0,-0.0
536,4.941362384447407,4.01988162057769,0.9214807638697948,1.842631162971251,1.0,-0.0
537,5.2755101805999995,4.336562907618383,0.9389472729816362,1.656874245997943,1.0,-0.0
538,5.10983653170671,4.160555885123262,0.9492806465834747,1.807352187744299,1.0,-0.0
539,5.0137828267656825,4.176041399331181,0.8377414274344801,1.6215344714650919,1.0,-0.0
540,4.888964623672782,3.9784901423468235,0.9104744813259913,1.6751793821434928,1.0,-0.0
541,5.37878382007465,4.433623842498871,0.9451599775758268,1.6682424854972187,1.0,-0.0
542,5.2092762718106,4.2290639622217725,0.9802123095887509,1.8351988512799258,1.0,-0.0
543,5.281257467649985,4.366445193727005,0.914812273922962,1.8336963516982214,0.9964811725007015,0.004410210548004688
544,5.272894626365874,4.36586311948729,0.9070315068786385,1.6550327546349322,1.0,-0.0
545,5.332362525481804,4.372125811786926,0.9602367136949397,1.8335634299208579,1.0,-0.0
546,5.294154088514793,4.351727182319054,0.9424269061958057,1.7044556210129498,1.0,-0.0
547,5.098358269706514,4.150708362681252,0.9476499070252657,1.6694562730017442,1.0,-0.0
548,5.34362451205674,4.423023654282993,0.920600857773934,1.8338052038159112,1.0,-0.0
549,5.181469091777663,4.21036527446681,0.9711038173107909,1.741036217054476,1.0,-0.0
550,5.361956643832277,4.439965275285028,0.9219913685473102,1.7738657184366722,1.0,-0.0
551,4.888089917453604,3.9802825062380305,0.9078074112155718,1.7565235296551132,1.0,-0.0
552,5.372508946452504,4.446303495523296,0.9262054509292739,1.8824367316117314,0.9804655419814668,0.024485258778704486
553,5.074814673386745,4.175929967053088,0.8988847063336607,1.6462893344093708,1.0,-0.0
554,5.0926051703603346,4.187119455151445,0.9054857152090108,1.7128734462803101,1.0,-0.0
555,5.163802166166866,4.2140250580525755,0.9497771081141764,1.6202483994998955,1.0,-0.0
556,5.239453659493497,4.2872337675741985,0.9522198919192988,1.877213745298055,1.0,-0.0
557,4.951542883146535,4.0795158578341955,0.8720270253123772,1.5948485578861344,1.0,-0.0
558,5.2270161166056734,4.3353989491395595,0.8916171674660518,1.6505787381274266,1.0,-0.0
559,5.259624088391538,4.3193580745813716,0.9402660138101737,1.8758259699477273,1.0,-0.0
560,5.2227240017845045,4.283079919590762,0.9396440821936949,1.8067825930578447,1.0,-0.0
561,4.9852394598265075,4.097543642449365,0.8876958173771072,1.5902119046616532,1.0,-0.0
562,5.438078608134097,4.515196703247733,0.922881904886367,1.6512413110056303,1.0,-0.0
563,5.263606741153458,4.342965480520498,0.9206412606330332,1.7944293235384654,1.0,-0.0
564,5.346236810939663,4.451219247706717,0.8950175632329547,1.6895899585461143,1.0,-0.0
565,5.186648790106679,4.227617046929183,0.9590317431776612,1.8508393943571986,1.0,-0.0
566,5.208702119630621,4.286141861777688,0.9225602578529788,1.6521542700092189,1.0,-0.0
567,5.152925466683078,4.32766872536137,0.8252567413215957,1.5851714641705432,1.0,-0.0
568,5.142659810287219,4.258421649996819,0.8842381602903515,1.6944234887635221,1.0,-0.0
569,5.3942186465807165,4.432162482583811,0.9620561639968628,1.85189972295026,1.0,-0.0
570,5.333807999007595,4.395281458524158,0.9385265404833945,1.782669009484998,1.0,-0.0
571,5.25546534543445,4.3855735377472165,0.8698918076872815,1.5743715970589038,1.0,-0.0
572,5.023612499658148,4.080408013403247,0.9432044862548992,1.7837728095997991,1.0,-0.0
573,5.046273115027466,4.09207074162506,0.9542023734023815,1.752090770345271,1.0,-0.0
574,5.0030580995629546,4.1216434765736505,0.8814146229893822,1.6199724258216412,1.0,-0.0
575,5.295157704955946,4.344965275564885,0.9501924293909951,1.829911360211479,1.0,-0.0
576,5.265987345103772,4.351814133442579,0.9141732116611365,1.711730666278343,1.0,-0.0
577,5.094728881213646,4.15831458007753,0.9364143011360966,1.7786617927094857,1.0,-0.0
578,5.07023423327154,4.11947729388142,0.9507569393900894,1.9059935599516713,0.9969618530702754,0.0038077616997328513
579,5.309756225405172,4.356225740968231,0.9535304844368966,1.945327041753,0.9786411668602654,0.02677252546888216
580,5.20426852581601,4.196863529028681,1.0074049967873862,1.9371183685077624,1.0,-0.0
581,5.302507177273801,4.34312629171456,0.9593808855591988,1.7858280709638779,1.0,-0.0
582,5.208355689827263,4.2543944649410665,0.9539612248861431,1.7927099684485839,1.0,-0.0
583,5.183184804912107,4.252910635338635,0.9302741695734085,1.6842980080676537,1.0,-0.0
584,5.474760581754813,4.533156814757151,0.9416037669976731,1.9545913670137778,0.9618151696565047,0.04787587078667506
585,5.316444107134762,4.4276297751505975,0.888814331984122,1.7464966410427385,1.0,-0.0
586,5.196997612305259,4.206644972367178,0.9903526399381235,1.9234085247085462,1.0,-0.0
587,5.259204348255016,4.357623344899057,0.9015810033560001,1.7024771031217187,1.0,-0.0
588,5.00419529257953,4.097592337524617,0.9066029550548365,1.5448379580512634,1.0,-0.0
589,5.119571661692239,4.204788013840597,0.9147836478517775,1.7661489090213571,1.0,-0.0
590,5.345997061801304,4.388336846764249,0.9576602150369808,1.8175583641561874,1.0,-0.0
591,5.024369425123714,4.118469248713531,0.9059001764102277,1.6638699182396781,1.0,-0.0
592,5.306543532778383,4.405729868669791,0.9008136641086821,1.7895588189037186,1.0,-0.0
593,5.259366934106074,4.315897775141156,0.9434691589649447,1.9090107613120693,0.9862727407741015,0.017205416892906878
594,5.079586543161886,4.154495914267599,0.9250906288942815,1.7212664587376278,1.0,-0.0
595,5.146625548287821,4.295493399736907,0.8511321485509598,1.5814404843238776,1.0,-0.0
596,5.443592589227924,4.497734927935463,0.9458576612922798,1.8026904792368934,1.0,-0.0
597,5.128315915729777,4.254159397378533,0.8741565183512421,1.5344340844181992,1.0,-0.0
598,5.328947134849605,4.372698440157244,0.9562486946923627,1.7286944402841522,1.0,-0.0
599,5.253471955588784,4.346528930518749,0.9069430250699497,1.6335138213571523,1.0,-0.0
600,5.084415553139129,4.157644321738367,0.9267712314007213,1.6555507060982024,1.0,-0.0
601,5.143630745271357,4.274885916268374,0.8687448290030488,1.5436178598521697,1.0,-0.0
602,5.219229129106557,4.332785739869024,0.88644338923757,1.5947650990689275,1.0,-0.0
603,5.218013228933605,4.325815169978,0.8921980589556142,1.7058058405800742,1.0,-0.0
604,5.390310704379308,4.41862887458595,0.9716818297933969,1.7865132592332271,1.0,-0.0
605,5.182385728785325,4.283238006190528,0.899147722594762,1.7115718584984991,1.0,-0.0
606,5.051157401897163,4.187564587729685,0.8635928141674185,1.770475155605928,0.9652329249453035,0.043587864858317976
607,5.322360915512027,4.349961537063692,0.9723993784483582,1.8508276346769543,1.0,-0.0
608,5.334664348582114,4.457172417611085,0.8774919309711322,1.6180803068062461,1.0,-0.0
609,5.276677076455249,4.4492675395524675,0.8274095369027918,1.5590979771680473,1.0,-0.0
610,5.433551552357576,4.518893438787893,0.9146581135696579,1.7925197043416126,1.0,-0.0
611,5.112853914171287,4.197523651325511,0.9153302628458277,1.5856881747035003,1.0,-0.0
612,5.372568393880888,4.3799916055243475,0.9925767883564731,1.7246170109210484,1.0,-0.0
613,5.088396392582117,4.157687461965139,0.9307089306169019,1.6996289330643721,1.0,-0.0
614,5.255996343636971,4.3682271990196035,0.887769144617323,1.7755757355617754,0.9999336762291777,8.312451970735686e-05
615,4.9133076923924275,3.9962900995073114,0.917017592885145,1.6876763193343214,1.0,-0.0
616,4.9701928345629,4.094857063807311,0.8753357707556688,1.6477319855299153,1.0,-0.0
617,5.153928898779318,4.177673669903177,0.9762552288760844,1.8113485972755448,1.0,-0.0
618,5.301898893223656,4.3529869328094435,0.9489119604141933,1.856632388495313,1.0,-0.0
619,5.31795409245864,4.329843012904178,0.9881110795544146,1.7272123929754453,1.0,-0.0
620,5.220554894757006,4.345590960573,0.874963934184052,1.5131664938622644,1.0,-0.0
621,5.05923432564588,4.162361886279381,0.8968724393663479,1.6497165044076363,1.0,-0.0
622,5.118341501638488,4.272001735153427,0.84633976648513,1.5431570773415415,1.0,-0.0
623,5.215632955211609,4.240531491965111,0.9751014632464603,1.8392018091982347,1.0,-0.0
624,5.215235414926601,4.288879673883139,0.9263557410434942,1.8382749319155476,1.0,-0.0
625,5.181360500359338,4.210593218651331,0.9707672817080493,1.8481911411232428,1.0,-0.0
626,5.41830838131772,4.477682472085679,0.9406259092320397,1.8819132598681256,0.9994564477980811,0.0006812417117269009
627,5.134447624469194,4.2741125690161486,0.8603350554531062,1.5588021336847793,1.0,-0.0
628,5.165695188561463,4.264511839986701,0.9011833485747047,1.7124360535235734,1.0,-0.0
629,4.921987731544268,4.061338987941889,0.8606487436023826,1.6463587376409103,1.0,-0.0
630,5.149612002804693,4.169606334773398,0.9800056680312537,1.87557274981963,1.0,-0.0
631,5.3683156860286,4.3899633399684355,0.9783523460600918,1.8925201979595396,1.0,-0.0
632,5.103249020468175,4.141878856292909,0.9613701641753778,1.7676756726049794,1.0,-0.0
633,5.143348971827541,4.242685659857878,0.9006633119696517,1.7701963949754171,1.0,-0.0
634,5.099422159958172,4.158041721329727,0.941380438628471,1.6541820079248444,1.0,-0.0
635,5.231872721203322,4.3341820295725935,0.8976906916306007,1.6158505496164954,1.0,-0.0
636,5.132196942913302,4.208323652039436,0.9238732908738712,1.7875167485999954,1.0,-0.0
637,5.06007997715823,4.139491501598027,0.9205884755601801,1.7139110194646192,1.0,-0.0
638,5.1975374631992874,4.274631475983728,0.9229059872155858,1.7777185213821172,1.0,-0.0
639,5.339012351094871,4.380848970988101,0.9581633801068392,1.8574861127172526,1.0,-0.0
640,4.971097296291296,4.040388954458981,0.9307083418323145,1.5651768247236921,1.0,-0.0
641,5.2733829680918145,4.345416764317573,0.92796620377419,1.8515484628041352,1.0,-0.0
642,5.2769052592113805,4.3131928176514265,0.9637124415600056,1.8982270780821562,1.0,-0.0
643,5.138965608983872,4.181694399531784,0.9572712094519602,1.7893573828793374,1.0,-0.0
644,4.988082021908999,4.099429164919782,0.8886528569893244,1.8297143861527094,0.9635067595835092,0.04575345233394342
645,5.301286892822409,4.375706946338289,0.925579946484163,1.779640431292676,1.0,-0.0
646,5.170338662879081,4.206831209474711,0.9635074534044179,1.6046511368036764,1.0,-0.0
647,5.141910735175193,4.252831131966042,0.8890796032090975,1.7299828537996595,1.0,-0.0
648,5.285626330482264,4.385780555542256,0.8998457749401041,1.8251262614991712,0.9808365404183371,0.024020144420147504
649,5.225833397204147,4.293931369231647,0.9319020279724555,1.8164236152711455,1.0,-0.0
650,5.256710816978844,4.313481030973065,0.9432297860057588,1.6942446061376266,1.0,-0.0
651,5.251575373714209,4.355496719668274,0.8960786540459367,1.674978961051239,1.0,-0.0
652,5.246111507434071,4.321673952261861,0.924437555172176,1.7767639884138196,1.0,-0.0
653,5.110419436597445,4.249767465611976,0.8606519709854865,1.529594147535112,1.0,-0.0
654,5.223987993779465,4.281767982774998,0.9422200110044514,1.678160019456283,1.0,-0.0
655,5.291423965206141,4.399591377446823,0.8918325877592679,1.639800080097518,1.0,-0.0
656,5.061389111240137,4.08952354792593,0.971865563314168,1.794318967969755,1.0,-0.0
657,5.305448301808374,4.388724052287735,0.916724249520712,1.7403066716927302,1.0,-0.0
658,4.8936590374661275,4.026544244650609,0.8671147928155278,1.4911996989839342,1.0,-0.0
659,5.2260278530957205,4.323207220402248,0.9028206326935333,1.6066762919363682,1.0,-0.0
660,5.35138134196699,4.380791862454686,0.9705894795123413,1.8017940724236055,1.0,-0.0
661,5.2259438727241925,4.274619809238791,0.9513240634853446,1.911135787181228,0.9945028111306058,0.006889759033192495
662,5.457500567770117,4.521479421037023,0.9360211467330828,1.7986371200278617,1.0,-0.0
663,5.290862525182197,4.316971600457865,0.9738909247242873,1.7394563961788787,1.0,-0.0
664,5.111193881732438,4.165006978396143,0.946186903336411,1.6549798157175148,1.0,-0.0
665,5.068867787932268,4.155800069683115,0.9130677182490672,1.797848041001401,1.0,-0.0
666,5.280659354984882,4.354058664718936,0.9266006902660138,1.8439095318669692,1.0,-0.0
667,5.291608979825005,4.359048174569029,0.9325608052560028,1.8430774794065052,1.0,-0.0
668,5.229304000313496,4.282047910541902,0.9472560897715994,1.750779663955952,1.0,-0.0
669,5.29828106616093,4.406348518527864,0.8919325476330187,1.7154455867057403,1.0,-0.0
670,5.375815724766985,4.475484162630337,0.9003315621365573,1.7639140613925894,1.0,-0.0
671,5.10223393935029,4.167553992056268,0.9346799472941711,1.7713847353554253,1.0,-0.0
672,5.072797134667544,4.177262562598891,0.895534572068641,1.6576080531929267,1.0,-0.0
673,5.093704665345845,4.151885393541178,0.9418192718047749,1.8986874286177673,0.9901962605640787,0.012287474424562645
674,5.2742513344396595,4.3573945259328735,0.91685680850685,1.5748716386357877,1.0,-0.0
675,5.117939330525237,4.202440483393607,0.9154988471316301,1.6070491083456897,1.0,-0.0
676,5.205916809390251,4.294371776065519,0.9115450333247281,1.604929634171277,1.0,-0.0
677,5.214504919445508,4.284578573932137,0.9299263455133087,1.7695929695647235,1.0,-0.0
678,5.14807988892675,4.202978871946897,0.9451010169798337,1.745392579341492,1.0,-0.0
679,5.097940221858144,4.155811075664436,0.9421291461936789,1.7542368083878008,1.0,-0.0
680,5.236258003978142,4.3682473706357605,0.8680106333422373,1.6210737110716855,1.0,-0.0
681,4.999211940237947,4.127370840656823,0.8718410995810473,1.5845454396929517,1.0,-0.0
682,5.428729241447732,4.5072928209530385,0.921436420494615,1.6037799318583086,1.0,-0.0
683,4.992980990204037,4.082678088091882,0.9103029021121074,1.5784073295050978,1.0,-0.0
684,5.167047758471417,4.222200968024653,0.9448467904467179,1.7261861321757408,1.0,-0.0
685,5.02722172974085,4.157668293345004,0.8695534363959041,1.5922550469757608,1.0,-0.0
686,5.188794162013428,4.267450991319558,0.9213431706939446,1.8009321627958386,1.0,-0.0
687,5.0433802061656845,4.092155087197856,0.9512251189678409,1.8184823360221225,1.0,-0.0
688,5.249464586452168,4.336624504051345,0.9128400824007485,1.7472584200047416,1.0,-0.0
689,5.380974900934794,4.49838859366678,0.8825863072679567,1.6747777660729448,1.0,-0.0
690,5.4164762327253495,4.506675832132739,0.9098004005926441,1.8300261207012722,0.9915943155463086,0.01053515803846367
691,5.117679509791392,4.16106954304202,0.9566099667493972,1.7098083702993727,1.0,-0.0
692,5.458307540764613,4.526106964180089,0.9322005765845915,1.6942332445992685,1.0,-0.0
693,5.18159041924047,4.235437978937494,0.9461524403029671,1.9048714847634085,0.9918717239965865,0.010187459440779045
694,5.221636579710767,4.330922145184664,0.8907144345261031,1.7248767906409572,1.0,-0.0
695,5.243288633186003,4.312908960421449,0.9303796727645022,1.7121115121692343,1.0,-0.0
696,5.073108598759395,4.159725957676587,0.9133826410827623,1.6554412112894603,1.0,-0.0
697,5.034890063972389,4.10817097812026,0.9267190858521417,1.5849975356569814,1.0,-0.0
698,5.253163962903718,4.321455791880709,0.9317081710229331,1.899260051641472,0.9777943113819902,0.027834297150933947
699,5.237321696493259,4.3362159764140245,0.9011057200791583,1.6942940678360294,1.0,-0.0
700,5.231083416618381,4.345865766632993,0.8852176499854068,1.6648774966544835,1.0,-0.0
701,5.14126106906655,4.205788732477947,0.9354723365886457,1.8151445092298863,1.0,-0.0
702,5.421674417517911,4.413383943416987,1.0082904741010452,2.0710301120535415,0.9767361936769281,0.0291609897313757
703,5.0252870720895455,4.123311399625958,0.9019756724635499,1.706465339365355,1.0,-0.0
704,5.220947887891716,4.306733888175083,0.9142139997167078,1.6102517158265073,1.0,-0.0
705,5.141390565845532,4.22114311677865,0.9202474490668919,1.6219478095742668,1.0,-0.0
706,5.252282549047768,4.324894113346497,0.9273884357012321,1.7985169771301686,1.0,-0.0
707,5.258036123015009,4.29676763434691,0.9612684886679972,1.7425129352503554,1.0,-0.0
708,5.381662285869188,4.427622854642822,0.9540394312263061,1.75958691596459,1.0,-0.0
709,5.300123027628606,4.378866764890821,0.9212562627377565,1.6686621562660071,1.0,-0.0
710,5.054478594200182,4.144970787347518,0.9095078068528437,1.7340751524440772,1.0,-0.0
711,5.091892422139372,4.221082625106165,0.8708097970333029,1.5295890343976404,1.0,-0.0
712,5.0922551190869765,4.150932171750259,0.9413229473367437,1.7275562710472423,1.0,-0.0
713,5.145169195457234,4.2374302589319495,0.9077389365252202,1.8209258266901562,0.9952183253598021,0.005992976300131056
714,5.111707414626258,4.211133698845842,0.9005737157805243,1.6967431756950075,1.0,-0.0
715,5.070021341256043,4.169127017480793,0.9008943237753329,1.6298981426013825,1.0,-0.0
716,5.285554917931099,4.343773860733853,0.9417810571972041,1.8864550143661898,0.9978562085763201,0.0026868473315419645
717,5.268171140584959,4.36042606850107,0.9077450720837987,1.7096227746328116,1.0,-0.0
718,5.194385645132902,4.236831000168786,0.9575546449640342,1.808527489606644,1.0,-0.0
719,5.256829821631632,4.303922763075773,0.952907058555752,1.7848702470500388,1.0,-0.0
720,5.422883983754778,4.505779787167475,0.9171041965872746,1.7377793305844191,1.0,-0.0
721,5.039752727440137,4.11572374485686,0.9240289825833088,1.673092386204341,1.0,-0.0
722,5.178096366461196,4.290051414159427,0.8880449523016978,1.4391963655360458,1.0,-0.0
723,5.3332425182819545,4.385373976807461,0.9478685414744632,1.8226360877226657,1.0,-0.0
724,5.204826291723171,4.275060847003697,0.9297654447194645,1.758699092526598,1.0,-0.0
725,5.22467780879821,4.3428314846718905,0.8818463241262862,1.6292447286764342,1.0,-0.0
726,5.341014999961649,4.4308177804118305,0.9101972195497865,1.7690388914963044,1.0,-0.0
727,5.256290052419322,4.263639903980842,0.9926501484384289,1.8335954361882254,1.0,-0.0
728,4.9935312782951,4.10645182515878,0.8870794531363799,1.7152780063958715,1.0,-0.0
729,5.048642464705258,4.172305570751478,0.8763368939538623,1.8076335053287687,0.9602038009366751,0.04989783705717655
730,5.22619341743256,4.302635461214372,0.9235579562182465,1.8060290893557598,1.0,-0.0
731,4.841063800309135,3.9938076320627673,0.8472561682464175,1.531595471215684,1.0,-0.0
732,5.025243973731895,4.098844984954441,0.9263989887775779,1.746286247367931,1.0,-0.0
733,5.276993592330873,4.322676674118679,0.9543169182121574,1.6921007807816295,1.0,-0.0
734,5.066456668393121,4.147809948841543,0.9186467195515888,1.7241714357319138,1.0,-0.0
735,5.177451667359938,4.318019512699101,0.859432154660908,1.494704872661178,1.0,-0.0
736,5.123122327885985,4.266009060328802,0.8571132675572244,1.5343794285765315,1.0,-0.0
737,5.239997874903102,4.344602194598053,0.8953956803051142,1.7226252521800687,1.0,-0.0
738,5.129928723257299,4.144452503892351,0.9854762193649549,1.9729993704209328,0.9988710600884321,0.0014149168234557845
739,5.241793127858719,4.320130249432044,0.9216628784266732,1.7725435129580038,1.0,-0.0
740,5.349502761687054,4.434918446690114,0.9145843149970005,1.614127960459613,1.0,-0.0
741,5.26587026625281,4.282481715240889,0.9833885510118989,1.6975202615205487,1.0,-0.0
742,5.194478320402359,4.266218156438393,0.9282601639640689,1.7034361562791025,1.0,-0.0
743,5.13593716381512,4.245875557918959,0.8900616058961077,1.6553979753434,1.0,-0.0
744,5.2149975138618085,4.261401848584889,0.9535956652769073,1.6834606021721612,1.0,-0.0
745,5.262726306513619,4.351418229715824,0.911308076797809,1.8584302896847582,0.9757211149735424,0.030433767220443136
746,5.14016071330399,4.22548898937956,0.9146717239243571,1.6693507114808792,1.0,-0.0
747,5.0437165192452,4.110514043781828,0.9332024754633039,1.6354186701748996,1.0,-0.0
748,5.226798868483675,4.2975251232321074,0.9292737452516349,1.7182743148528337,1.0,-0.0
749,5.0977282078967985,4.199916758384978,0.8978114495116643,1.657815467022906,1.0,-0.0
750,5.03311672305812,4.148256439816304,0.8848602832418919,1.5861592812771956,1.0,-0.0
751,5.1538570945086715,4.269745041828768,0.8841120526799386,1.7188645125201907,1.0,-0.0
752,5.348797735619078,4.414227110644452,0.9345706249747536,1.811420553961503,1.0,-0.0
753,5.260657505282543,4.303344086832523,0.957313418449985,1.8007506931814823,1.0,-0.0
754,5.197235204814765,4.278986496107102,0.9182487087076652,1.6119853688072552,1.0,-0.0
755,5.242711733663091,4.327545877101487,0.9151658565616572,1.6614437413968095,1.0,-0.0
756,5.289985499927402,4.352118041494254,0.9378674584330611,1.8332498123659198,1.0,-0.0
757,5.28423417251644,4.39361762117813,0.8906165513383257,1.6526633349672557,1.0,-0.0
758,5.216734878417347,4.266711225163327,0.950023653253993,1.8089580629110058,1.0,-0.0
759,5.241989634566826,4.313859867276884,0.9281297672898745,1.7824449546403152,1.0,-0.0
760,5.0903745258148,4.202933442391547,0.8874410834231412,1.559590313591979,1.0,-0.0
761,5.090467894425833,4.182759740440519,0.907708153985368,1.6873786330809075,1.0,-0.0
762,5.030278669583472,4.09367671742087,0.9366019521627322,1.7286989161319695,1.0,-0.0
763,5.133056369837382,4.24484025645955,0.88821611337778,1.6018071461118941,1.0,-0.0
764,5.17429274801531,4.243858248181098,0.9304344998341776,1.7545163744836025,1.0,-0.0
765,5.23271429612179,4.275234664173627,0.9574796319482175,1.8664535903065058,1.0,-0.0
766,5.41333720344584,4.536727954270988,0.8766092491748623,1.6039026442063227,1.0,-0.0
767,5.210134062944226,4.240451571985565,0.9696824909586894,1.8349721689891725,1.0,-0.0
768,5.191718963239728,4.262548998799982,0.9291699644397795,1.7696166419301491,1.0,-0.0
769,5.2509696817626175,4.364868017969517,0.8861016637931698,1.6510763981761643,1.0,-0.0
770,5.382681740990952,4.485490740526515,0.8971910004643178,1.6127102663010526,1.0,-0.0
771,5.049748517775347,4.161515395692637,0.8882331220827382,1.6300161953040084,1.0,-0.0
772,5.192381291540178,4.307049374033582,0.8853319175065053,1.630039360857778,1.0,-0.0
773,5.0859266418706195,4.224470901772728,0.8614557400978811,1.6256078897948587,1.0,-0.0
774,5.067745252896648,4.1051687044082215,0.9625765484884141,1.7216002910500259,1.0,-0.0
775,5.22765808200335,4.291608613955004,0.9360494680482816,1.7952068277271627,1.0,-0.0
776,5.104932943055237,4.175484098501391,0.9294488445538036,1.6642650793212117,1.0,-0.0
777,5.014587521635908,4.109580085061225,0.9050074365745786,1.7329615376753802,1.0,-0.0
778,5.172331448904847,4.283723403396287,0.8886080455084766,1.6737112091788204,1.0,-0.0
779,5.182757144857183,4.1949508544315375,0.9878062904257376,1.7629386334884805,1.0,-0.0
780,5.247025644667465,4.287288740357239,0.959736904310148,1.9045183350731887,1.0,-0.0
781,5.086370429842182,4.197275393331383,0.8890950365108665,1.6062833688391667,1.0,-0.0
782,5.184197875303758,4.24919806060209,0.9349998147016549,1.8255413904071438,1.0,-0.0
783,5.2501629374134975,4.3055616406992225,0.9446012967143815,1.9521053220589382,0.9660214706495096,0.042598651266274816
784,4.890912687946175,4.009902995876754,0.8810096920693695,1.6514095472658048,1.0,-0.0
785,5.208842444662414,4.285362459124885,0.9234799855374831,1.78402503335737,1.0,-0.0
786,5.164421427580683,4.246485495991999,0.9179359315887723,1.6965757219571107,1.0,-0.0
787,5.229203476564399,4.289642920976824,0.9395605555876045,1.8333207549430894,1.0,-0.0
788,5.381606301036404,4.350472190039467,1.0311341109970726,2.0211084509952784,1.0,-0.0
789,5.307903599780834,4.367409256808463,0.9404943429723289,1.7977587739699232,1.0,-0.0
790,5.198353441076497,4.3073392389195515,0.8910142021569527,1.6637329120879074,1.0,-0.0
791,4.849623166233178,3.9684264729521375,0.8811966932809128,1.5985124965187598,1.0,-0.0
792,5.289977814758222,4.386994843996156,0.902982970762082,1.740623543868769,1.0,-0.0
793,5.220776670881028,4.278239265103862,0.9425374057771023,1.7343880505900562,1.0,-0.0
794,5.491770860883312,4.497498396462246,0.9942724644209875,1.9819283341872027,1.0,-0.0
795,5.097928388428263,4.229454853464286,0.8684735349638686,1.7204212728893675,1.0,-0.0
796,5.0832983360036135,4.10963508025379,0.9736632557497842,1.7883067729462212,1.0,-0.0
797,5.062513636737654,4.145256963030322,0.9172566737073566,1.6750654339898068,1.0,-0.0
798,4.983929805939502,4.082745785825852,0.9011840201136465,1.5666391557676786,1.0,-0.0
799,5.210378713367495,4.262412091793282,0.94796662157421,1.897803879947415,0.9986368223740434,0.001708490621446901
800,5.149268235100285,4.237400289587731,0.9118679455124266,1.6424199308288427,1.0,-0.0
801,5.332924091590135,4.399776796658196,0.9331472949319277,1.8399940252686404,1.0,-0.0
802,5.2245136428575645,4.317836042466681,0.9066776003908217,1.6313920328391216,1.0,-0.0
803,5.216979495181922,4.3533385769334565,0.8636409182483931,1.6794870877700778,1.0,-0.0
804,5.136099841393493,4.190104367347681,0.9459954740458443,1.8710297901946142,1.0,-0.0
805,5.1463823903524055,4.242309322448719,0.9040730679037097,1.6544339748134593,1.0,-0.0
806,5.179759193372538,4.270559348280656,0.9091998450918481,1.6393768289107231,1.0,-0.0
807,5.046128197168164,4.166249449452714,0.8798787477154519,1.626173912397522,1.0,-0.0
808,5.10727595442062,4.229319784052704,0.8779561703679519,1.5757453167485864,1.0,-0.0
809,5.322979888612386,4.4256845209516715,0.8972953676607176,1.7512668845056254,1.0,-0.0
810,5.169881840458052,4.258906177703393,0.9109756627545949,1.648857616392513,1.0,-0.0
811,5.081706379291395,4.142495729693694,0.9392106495977259,1.7517796631811824,1.0,-0.0
812,5.069798148536725,4.115320504063689,0.9544776444730587,1.7518449199900292,1.0,-0.0
813,5.334030877251044,4.3997825453341814,0.9342483319168196,1.7429212932234441,1.0,-0.0
814,5.541527783538404,4.585170592392121,0.9563571911463669,1.872158706263661,1.0,-0.0
815,5.087208440690906,4.116647930026064,0.9705605106648818,1.8438727254004208,1.0,-0.0
816,5.501070819957695,4.560089114278098,0.9409817056795191,1.8083319244168878,1.0,-0.0
817,5.210602170929169,4.259343594446088,0.9512585764830419,1.8294228273845006,1.0,-0.0
818,5.283925589486094,4.3758616641494825,0.9080639253365916,1.8260284190406084,0.9918898064492886,0.01016479527372241
819,5.2339033689388454,4.280810472921484,0.9530928960174379,1.74191373725734,1.0,-0.0
820,5.099291107831496,4.2182643998282625,0.8810267080031053,1.5788177276375026,1.0,-0.0
821,5.218372857613977,4.195345210662213,1.023027646951732,1.8808623777020141,1.0,-0.0
822,5.144449740345399,4.243320340073623,0.9011294002717705,1.720860714318618,1.0,-0.0
823,5.102694895851291,4.207433033276187,0.8952618625751256,1.7172593653833803,1.0,-0.0
824,5.109151544147144,4.199657137789817,0.9094944063573394,1.7628807111122806,1.0,-0.0
825,5.261131082080956,4.305436117373086,0.9556949647078454,1.7884560097417408,1.0,-0.0
826,5.1409026069024915,4.204121180086851,0.936781426815628,1.9325706352129424,0.9667940397011184,0.041629520471609636
827,5.108851083750315,4.1376711093188465,0.9711799744316068,1.952675221029017,0.9941150954539881,0.007375700937930504
828,5.116201670566616,4.1353772432204945,0.9808244273460787,1.793595453689301,1.0,-0.0
829,5.423734925063277,4.400895856982277,1.022839068080998,1.9179615243125365,1.0,-0.0
830,5.40064180779938,4.514324854306695,0.8863169534926101,1.7445085250079782,1.0,-0.0
831,5.0873786888323504,4.155482630359273,0.9318960584730576,1.8786055110035305,0.9898141403606404,0.01276642866061895
832,5.405122539791924,4.520913541168696,0.8842089986233077,1.7362952260551996,1.0,-0.0
833,5.113699323901747,4.23099022513151,0.8827090987703059,1.7579779041940249,1.0,-0.0
834,5.230460120326475,4.323195158906531,0.9072649614200827,1.645347667598239,1.0,-0.0
835,5.119607974631199,4.2218495643035485,0.8977584103275831,1.6728305110174042,1.0,-0.0
836,5.287747124417924,4.39103817731171,0.8967089471061627,1.7376950906923647,1.0,-0.0
837,5.548705535574518,4.569746287959079,0.9789592476153075,1.936869886154828,1.0,-0.0
838,5.29829420723569,4.3325633957943595,0.9657308114414036,1.7445496794451696,1.0,-0.0
839,5.303638705870176,4.444591307186888,0.8590473986834013,1.7094329189116837,1.0,-0.0
840,5.299906894165806,4.358304004569266,0.941602889596652,1.8316220973839905,1.0,-0.0
841,5.078190782583297,4.227805058656447,0.8503857239269337,1.5340393416989375,1.0,-0.0
842,4.964832515440881,4.057293746180198,0.9075387692607819,1.6457137285472418,1.0,-0.0
843,5.274246947329962,4.330752137153915,0.9434948101760483,1.7252603567197498,1.0,-0.0
844,5.2609570957421194,4.330655963505219,0.9303011322368775,1.7150299200712595,1.0,-0.0
845,5.354251011310216,4.397228386892314,0.9570226244179594,1.8225488916386396,1.0,-0.0
846,5.121541635032363,4.253048476343173,0.868493158689148,1.5974675515206327,1.0,-0.0
847,5.156798858766242,4.261682583083923,0.8951162756823123,1.6825281618369754,1.0,-0.0
848,5.203727133816178,4.278106430465071,0.9256207033511146,1.8158543772489852,1.0,-0.0
849,5.125405310845045,4.222659222227875,0.9027460886171639,1.5453863818100602,1.0,-0.0
850,4.863694658529303,4.0169930201676145,0.846701638361651,1.6054541236431938,1.0,-0.0
851,5.27561588305206,4.340412392212677,0.9352034908392852,1.8145813685419738,1.0,-0.0
852,5.384536215447715,4.4252970627036206,0.9592391527440896,1.9964584083738073,0.9615105159995995,0.04825813887235847
853,5.346215904598912,4.402255282289422,0.9439606223094188,1.831333807858619,1.0,-0.0
854,5.236631756103284,4.28505369287506,0.9515780632282258,1.7439909511602276,1.0,-0.0
855,5.1750484459578185,4.21917690101748,0.9558715449403508,1.8262366908262324,1.0,-0.0
856,5.225341701869629,4.251298473713552,0.9740432281561198,1.87001581869171,1.0,-0.0
857,5.1204867767781845,4.211831621686498,0.9086551550916511,1.7455710349219333,1.0,-0.0
858,5.284412179134497,4.342762440716747,0.9416497384177092,1.7435269956973642,1.0,-0.0
859,5.078511654600552,4.143163165170449,0.9353484894301118,1.7182137730562435,1.0,-0.0
860,5.363592848706835,4.433729768645575,0.9298630800612955,1.77634531268852,1.0,-0.0
861,5.236395543386257,4.315428099932953,0.9209674434533781,1.7014502931408972,1.0,-0.0
862,5.261345241580207,4.369957201340625,0.8913880402395762,1.7555317547529197,1.0,-0.0
863,5.0048508080338845,4.037566710291797,0.9672840977420947,1.7480968876434084,1.0,-0.0
864,5.045197201371698,4.136243376764071,0.9089538246076927,1.7108833339014473,1.0,-0.0
865,5.055306357970826,4.116627677454797,0.9386786805160909,1.7571393072513004,1.0,-0.0
866,5.2473373984101865,4.333655968779626,0.9136814296307421,1.7565834237344973,1.0,-0.0
867,4.9874061975214,4.06194353429815,0.925462663223243,1.661898642300089,1.0,-0.0
868,5.270500506846352,4.349913492735803,0.9205870141105379,1.6406573595191913,1.0,-0.0
869,4.913782456044705,4.025623553169581,0.8881589028750341,1.6638257666872187,1.0,-0.0
870,5.391534149643226,4.491284263206802,0.900249886436427,1.7415248916287127,1.0,-0.0
871,4.99552601025413,4.054132455690924,0.941393554563092,1.7240504898238918,1.0,-0.0
872,5.48979378663636,4.546662018456102,0.9431317681802511,1.7455308625612749,1.0,-0.0
873,5.508299233282164,4.477847262850618,1.0304519704316135,2.0265081588535283,1.0,-0.0
874,5.329256741966665,4.4205810687557445,0.9086756732109507,1.8187066615104408,0.9986398110517839,0.001704744863927997
875,5.30032487190214,4.321365979890855,0.9789588920112919,1.845217470378587,1.0,-0.0
876,5.301216742205829,4.2808542809193515,1.0203624612864814,2.0181218050912477,1.0,-0.0
877,5.149661493249246,4.281942579208838,0.867718914040438,1.5923925855673953,1.0,-0.0
878,5.227718236998831,4.287357476268124,0.9403607607307549,1.808186111995921,1.0,-0.0
879,5.313555194041319,4.371766252517061,0.9417889415242371,1.8516773417949217,1.0,-0.0
880,5.175562527966909,4.246554889985864,0.9290076379810444,1.811782871201712,1.0,-0.0
881,5.345076821740113,4.357838213735571,0.9872386080046454,1.9572530685046616,1.0,-0.0
882,5.015488052806509,4.058449906388384,0.9570381464180855,1.7723951773145528,1.0,-0.0
883,5.21037225463248,4.274299527759764,0.9360727268727942,1.7230574534396461,1.0,-0.0
884,5.250291675905592,4.299920013323677,0.9503716625819152,1.6727698898701502,1.0,-0.0
885,4.917762139521519,4.008784572253173,0.9089775672682663,1.6005832260558357,1.0,-0.0
886,5.052253756018095,4.116326563357806,0.9359271926601878,1.6542774322510092,1.0,-0.0
887,5.4608938038646695,4.5323266436093395,0.9285671602552839,1.714844916664941,1.0,-0.0
888,5.182234082762866,4.201387796150263,0.9808462866125183,1.740922160161086,1.0,-0.0
889,5.373893487674641,4.448846982159731,0.9250465055149562,1.595200472388751,1.0,-0.0
890,5.1223341515288805,4.2198966331456855,0.9024375183832944,1.6866134951093472,1.0,-0.0
891,5.254588250680504,4.313138173612401,0.9414500770679979,1.7319058023039053,1.0,-0.0
892,5.0294881910849565,4.074314029506008,0.9551741615789524,1.8048495237179627,1.0,-0.0
893,5.350384750336607,4.390701579088429,0.9596831712482299,1.9645746923608067,0.9759179617699624,0.030186942992131705
894,5.2570992499574825,4.321264704953315,0.9358345450042407,1.693458242750459,1.0,-0.0
895,5.201341640839692,4.23744634870598,0.9638952921337705,1.8706561883004351,1.0,-0.0
896,5.443750433738037,4.539282218359398,0.9044682153787562,1.7428738971703193,1.0,-0.0
897,5.204496235755519,4.268994133772221,0.9355021019832748,1.899470097106998,0.9821357902168797,0.022391337597398094
898,5.235659126720398,4.317513809173212,0.9181453175472143,1.7184761410364988,1.0,-0.0
899,5.229414716340321,4.3733732426606,0.8560414736797384,1.5900492769256402,1.0,-0.0
900,5.248045965334191,4.283835920365423,0.964210044968695,1.7732922584919644,1.0,-0.0
901,5.126157310948647,4.1599265787628195,0.9662307321859771,1.9145132664825333,1.0,-0.0
902,5.3601638935752955,4.437105721505615,0.9230581720697728,1.70918669836546,1.0,-0.0
903,5.162933192042933,4.23580000608653,0.9271331859563361,1.740314045295376,1.0,-0.0
904,5.0664221401014995,4.0751468570962075,0.9912752830051659,1.8647981202290875,1.0,-0.0
905,5.282946190446287,4.34568252791458,0.9372636625316773,1.7773277032152195,1.0,-0.0
906,5.0320751473035354,4.07406373085446,0.9580114164490396,1.7029395935422555,1.0,-0.0
907,5.296994417705141,4.3983408130510675,0.8986536046541005,1.751940257726396,1.0,-0.0
908,5.115377011031901,4.199368335985461,0.9160086750463279,1.7496241291397272,1.0,-0.0
909,5.212599655589534,4.325171723584177,0.8874279320053802,1.8740506365650065,0.9399880704423828,0.07528485600575555
910,5.200844719174134,4.275365010197918,0.9254797089762405,1.8881063805380567,0.9764678586639551,0.02949744247595728
911,5.049446857649846,4.099649819437699,0.9497970382120684,1.7194149091788615,1.0,-0.0
912,5.232781936048005,4.274220177215197,0.9585617588327295,1.817286042338059,1.0,-0.0
913,5.234322747486422,4.303900340083395,0.9304224074030572,1.868298328539459,0.994479800828684,0.00691859885725159
914,5.197767580103109,4.286224096790917,0.9115434833123572,1.7696808791864092,1.0,-0.0
915,5.090770121165965,4.176385621360277,0.9143844998058057,1.6416343660197454,1.0,-0.0
916,5.252102417699453,4.337553754793278,0.9145486629062134,1.724562278979061,1.0,-0.0
917,5.174068343482295,4.246251754739424,0.9278165887428713,1.7596640279527387,1.0,-0.0
918,5.2982111170074315,4.39455055203897,0.9036605649685043,1.8331974581662211,0.9809022253968477,0.023937796836789565
919,5.301001674492445,4.369764143938058,0.9312375305543128,1.871693381744148,0.9933359841815068,0.008352202342871368
920,4.973071361873272,4.062081239084057,0.9109901227892578,1.5744887986182339,1.0,-0.0
921,5.372745810829079,4.540660017194018,0.8320857936350876,1.6460779437122328,1.0,-0.0
922,5.115714920441169,4.192040233001286,0.9236746874398705,1.8381788937665653,1.0,-0.0
923,5.450845845648351,4.467699479686047,0.9831463659622841,1.8748749503872246,1.0,-0.0
924,5.3018214047887025,4.3938960527299145,0.9079253520587827,1.6724725773605478,1.0,-0.0
925,5.016438683339507,4.064629374654311,0.9518093086851422,1.4676380848409778,1.0,-0.0
926,5.162656421803822,4.216722033586727,0.945934388217097,1.6661634268610168,1.0,-0.0
927,5.322107149217677,4.390572380342361,0.9315347688751672,1.7033999138990477,1.0,-0.0
928,5.2085396384484195,4.273947446420948,0.9345921920273668,1.7901628038334207,1.0,-0.0
929,5.0484956224872715,4.119395660942844,0.9290999615444662,1.751406056210647,1.0,-0.0
930,5.436395836222564,4.510837148763436,0.9255586874592154,1.8277679526848818,1.0,-0.0
931,5.0329831261027405,4.093230586405943,0.9397525396968831,1.8709996730530016,1.0,-0.0
932,4.9937331823883735,4.084798046151999,0.9089351362363232,1.6054377791267602,1.0,-0.0
933,5.062919139761894,4.099462971499925,0.9634561682620415,1.8020516685166905,1.0,-0.0
934,4.987704427733197,4.142540223626787,0.8451642041064815,1.6096868349212587,1.0,-0.0
935,5.30440513545158,4.3524694134564506,0.9519357219952553,1.8024469585236966,1.0,-0.0
936,5.0224514603448736,4.09224075534935,0.9302107049954884,1.6351952631268043,1.0,-0.0
937,5.190706198516173,4.282337505684779,0.9083686928313455,1.7182807722223177,1.0,-0.0
938,5.0018560299457615,4.093618319304664,0.9082377106411741,1.709392617468973,1.0,-0.0
939,5.181484781154714,4.232795478101851,0.9486893030527881,1.837749361073513,1.0,-0.0
940,5.1451808709049285,4.1724952517699165,0.9726856191350635,1.9323020862794689,1.0,-0.0
941,5.190325064341883,4.284361225632566,0.90596383870934,1.6106533004028805,1.0,-0.0
942,5.342316732257464,4.369760834019063,0.9725558982383973,1.866885137177765,1.0,-0.0
943,5.254875392750014,4.37169064331265,0.8831847494373051,1.626441725710995,1.0,-0.0
944,5.242704656558081,4.354609244895785,0.8880954116622206,1.8618032810857765,0.9464021101031195,0.06722559405061673
945,5.056108399364225,4.194577213985264,0.861531185378908,1.6365082780047868,1.0,-0.0
946,5.293843040469929,4.384830497895178,0.9090125425748283,1.7009027026238885,1.0,-0.0
947,5.436548367002606,4.4124693202599765,1.0240790467425995,1.9786651270423885,1.0,-0.0
948,5.308202608884576,4.299348468923057,1.0088541399614996,1.7442577037317113,1.0,-0.0
949,5.1438655427253845,4.232428858701708,0.9114366840236698,1.6181800435149278,1.0,-0.0
950,5.139596330914051,4.1794038402270175,0.9601924906870636,1.7777787152382771,1.0,-0.0
951,5.066438848975158,4.134854338290051,0.9315845106851839,1.7493093671899405,1.0,-0.0
952,5.1078201384955175,4.180890273876262,0.9269298646191828,1.735221073803531,1.0,-0.0
953,5.311475707682453,4.373418941466522,0.9380567662158228,1.763919068589427,1.0,-0.0
954,5.117618449718739,4.238323788135155,0.8792946615835717,1.702974289719124,1.0,-0.0
955,5.253112568239194,4.440093893069797,0.8130186751694737,1.5445434457467755,1.0,-0.0
956,5.20155687241162,4.305918696592148,0.8956381758194993,1.5886392380945278,1.0,-0.0
957,5.310289752059239,4.336604552152332,0.9736851999068676,1.8873246465217766,1.0,-0.0
958,5.05986175549946,4.16391915061139,0.8959426048880914,1.701409068240289,1.0,-0.0
959,5.17595056425761,4.286648079515199,0.8893024847423021,1.7831025406833096,0.9954617063716773,0.005687938233487804
960,5.188581327728562,4.271848529526238,0.9167327982022471,1.7438445008512926,1.0,-0.0
961,5.077853825960451,4.1480039135026345,0.929849912457712,1.8445961645332867,1.0,-0.0
962,5.305045374735064,4.411343371898555,0.8937020028365623,1.6397117243660162,1.0,-0.0
963,5.264707588019624,4.351801113582308,0.9129064744373636,1.7601160554317539,1.0,-0.0
964,5.262301144104859,4.312027510830983,0.9502736332738095,1.8426631234496282,1.0,-0.0
965,5.250219614507378,4.319230920126303,0.9309886943811989,1.8145823809157462,1.0,-0.0
966,5.156049080892663,4.1976178513097455,0.9584312295828568,1.7524955765509005,1.0,-0.0
967,5.0827589575092045,4.18675863922787,0.896000318281267,1.7037116558524201,1.0,-0.0
968,5.114872243564937,4.175036003448584,0.9398362401163922,1.7006284929309885,1.0,-0.0
969,5.20362292002209,4.309847281572299,0.8937756384498243,1.6349620703814773,1.0,-0.0
970,5.334188085947849,4.450471856404025,0.883716229543893,1.672354573460912,1.0,-0.0
971,5.384224929554184,4.4177701557192925,0.9664547738349256,1.613281808663909,1.0,-0.0
972,5.163636606084301,4.183808529803255,0.9798280762810236,1.70484119537347,1.0,-0.0
973,5.141735795665104,4.230434218169208,0.9113015774959194,1.834722205714339,0.9904799933388339,0.01193184205017912
974,5.391400384909039,4.476049999107733,0.9153503858012755,1.7582300765138106,1.0,-0.0
975,5.2135953698485675,4.2709018334124025,0.9426935364361952,1.8531881342930183,1.0,-0.0
976,5.326358257852567,4.34075306847261,0.9856051893799531,1.839710824158677,1.0,-0.0
977,5.107223192349457,4.189343594058334,0.9178795982910515,1.76819873808387,1.0,-0.0
978,5.347834305131405,4.4494603897436225,0.898373915387765,1.7490887392282377,1.0,-0.0
979,5.193284153105642,4.3115665938397285,0.8817175592658941,1.7001222380920589,1.0,-0.0
980,5.134794536588393,4.227366295489542,0.9074282410989554,1.756814196573123,1.0,-0.0
981,5.280705783579824,4.304511810516196,0.9761939730636868,1.868068869397149,1.0,-0.0
982,5.054242699779243,4.10595093180588,0.9482917679732736,1.787917562288595,1.0,-0.0
983,5.056049224479571,4.1272497857948185,0.9287994386847913,1.616687226989931,1.0,-0.0
984,5.303129381079989,4.351132013571048,0.9519973675089659,1.7708525398633683,1.0,-0.0
985,5.2743405292468335,4.317685559652132,0.9566549695947515,1.6986652607140127,1.0,-0.0
986,5.443112390950992,4.532689465303749,0.9104229256472536,1.8095749832604944,1.0,-0.0
987,5.350967616429662,4.444032362988535,0.9069352534411337,1.746577258626246,1.0,-0.0
988,5.256079006428754,4.356455669887419,0.8996233365412536,1.6985983508709435,1.0,-0.0
989,5.250283813684282,4.3304383205997645,0.9198454930844946,1.7745092966240268,1.0,-0.0
990,5.040311429026692,4.127073198108347,0.9132382309182958,1.6968001972592273,1.0,-0.0
991,5.2726195237890945,4.304325132077112,0.9682943917118791,1.7492497468462487,1.0,-0.0
992,5.319540078708306,4.421270289692178,0.8982697890161262,1.7023980642966925,1.0,-0.0
993,5.163125109049124,4.1865782389364234,0.9765468701127702,1.9322114721803958,1.0,-0.0
994,5.055428619116688,4.135634053074284,0.9197945660424693,1.6498288083214674,1.0,-0.0
995,5.048326021602511,4.210703101266523,0.8376229203361163,1.6595187899193968,1.0,-0.0
996,5.347304125728888,4.3974622734433595,0.9498418522855445,1.9371414666196984,0.978696964032702,0.02670256908251385
997,5.082053671491272,4.17409261996926,0.9079610515220793,1.7517571511778733,1.0,-0.0
998,5.098603622456713,4.165948675810023,0.9326549466466076,1.6552000258736626,1.0,-0.0
999,5.401014542332964,4.4689237413775444,0.9320908009553932,1.873912802435966,0.9930347376821486,0.008729772612911444
